BEGIN TRANSACTION;
CREATE TABLE DIM_ANNEE (
    ID_ANNEE INTEGER PRIMARY KEY,
    ANNEE INTEGER
);
INSERT INTO "DIM_ANNEE" VALUES(2017,2017);
INSERT INTO "DIM_ANNEE" VALUES(2018,2018);
INSERT INTO "DIM_ANNEE" VALUES(2019,2019);
INSERT INTO "DIM_ANNEE" VALUES(2020,2020);
INSERT INTO "DIM_ANNEE" VALUES(2021,2021);
INSERT INTO "DIM_ANNEE" VALUES(2022,2022);
INSERT INTO "DIM_ANNEE" VALUES(2023,2023);
INSERT INTO "DIM_ANNEE" VALUES(2024,2024);
INSERT INTO "DIM_ANNEE" VALUES(2025,2025);
INSERT INTO "DIM_ANNEE" VALUES(2026,2026);
INSERT INTO "DIM_ANNEE" VALUES(2027,2027);
CREATE TABLE DIM_MOIS (
    ID_MOIS INT PRIMARY KEY,
    MOIS VARCHAR(255),
    ID_ANNEE INT,
    FOREIGN KEY (ID_ANNEE) REFERENCES DIM_ANNEE(ID_ANNEE)
);
INSERT INTO "DIM_MOIS" VALUES(1,'Janvier',2017);
INSERT INTO "DIM_MOIS" VALUES(2,'Février',2017);
INSERT INTO "DIM_MOIS" VALUES(3,'Mars',2017);
INSERT INTO "DIM_MOIS" VALUES(4,'Avril',2017);
INSERT INTO "DIM_MOIS" VALUES(5,'Mai',2017);
INSERT INTO "DIM_MOIS" VALUES(6,'Juin',2017);
INSERT INTO "DIM_MOIS" VALUES(7,'Juillet',2017);
INSERT INTO "DIM_MOIS" VALUES(8,'Août',2017);
INSERT INTO "DIM_MOIS" VALUES(9,'Septembre',2017);
INSERT INTO "DIM_MOIS" VALUES(10,'Octobre',2017);
INSERT INTO "DIM_MOIS" VALUES(11,'Novembre',2017);
INSERT INTO "DIM_MOIS" VALUES(12,'Décembre',2017);
INSERT INTO "DIM_MOIS" VALUES(13,'Janvier',2018);
INSERT INTO "DIM_MOIS" VALUES(14,'Février',2018);
INSERT INTO "DIM_MOIS" VALUES(15,'Mars',2018);
INSERT INTO "DIM_MOIS" VALUES(16,'Avril',2018);
INSERT INTO "DIM_MOIS" VALUES(17,'Mai',2018);
INSERT INTO "DIM_MOIS" VALUES(18,'Juin',2018);
INSERT INTO "DIM_MOIS" VALUES(19,'Juillet',2018);
INSERT INTO "DIM_MOIS" VALUES(20,'Août',2018);
INSERT INTO "DIM_MOIS" VALUES(21,'Septembre',2018);
INSERT INTO "DIM_MOIS" VALUES(22,'Octobre',2018);
INSERT INTO "DIM_MOIS" VALUES(23,'Novembre',2018);
INSERT INTO "DIM_MOIS" VALUES(24,'Décembre',2018);
INSERT INTO "DIM_MOIS" VALUES(25,'Janvier',2019);
INSERT INTO "DIM_MOIS" VALUES(26,'Février',2019);
INSERT INTO "DIM_MOIS" VALUES(27,'Mars',2019);
INSERT INTO "DIM_MOIS" VALUES(28,'Avril',2019);
INSERT INTO "DIM_MOIS" VALUES(29,'Mai',2019);
INSERT INTO "DIM_MOIS" VALUES(30,'Juin',2019);
INSERT INTO "DIM_MOIS" VALUES(31,'Juillet',2019);
INSERT INTO "DIM_MOIS" VALUES(32,'Août',2019);
INSERT INTO "DIM_MOIS" VALUES(33,'Septembre',2019);
INSERT INTO "DIM_MOIS" VALUES(34,'Octobre',2019);
INSERT INTO "DIM_MOIS" VALUES(35,'Novembre',2019);
INSERT INTO "DIM_MOIS" VALUES(36,'Décembre',2019);
INSERT INTO "DIM_MOIS" VALUES(37,'Janvier',2020);
INSERT INTO "DIM_MOIS" VALUES(38,'Février',2020);
INSERT INTO "DIM_MOIS" VALUES(39,'Mars',2020);
INSERT INTO "DIM_MOIS" VALUES(40,'Avril',2020);
INSERT INTO "DIM_MOIS" VALUES(41,'Mai',2020);
INSERT INTO "DIM_MOIS" VALUES(42,'Juin',2020);
INSERT INTO "DIM_MOIS" VALUES(43,'Juillet',2020);
INSERT INTO "DIM_MOIS" VALUES(44,'Août',2020);
INSERT INTO "DIM_MOIS" VALUES(45,'Septembre',2020);
INSERT INTO "DIM_MOIS" VALUES(46,'Octobre',2020);
INSERT INTO "DIM_MOIS" VALUES(47,'Novembre',2020);
INSERT INTO "DIM_MOIS" VALUES(48,'Décembre',2020);
INSERT INTO "DIM_MOIS" VALUES(49,'Janvier',2021);
INSERT INTO "DIM_MOIS" VALUES(50,'Février',2021);
INSERT INTO "DIM_MOIS" VALUES(51,'Mars',2021);
INSERT INTO "DIM_MOIS" VALUES(52,'Avril',2021);
INSERT INTO "DIM_MOIS" VALUES(53,'Mai',2021);
INSERT INTO "DIM_MOIS" VALUES(54,'Juin',2021);
INSERT INTO "DIM_MOIS" VALUES(55,'Juillet',2021);
INSERT INTO "DIM_MOIS" VALUES(56,'Août',2021);
INSERT INTO "DIM_MOIS" VALUES(57,'Septembre',2021);
INSERT INTO "DIM_MOIS" VALUES(58,'Octobre',2021);
INSERT INTO "DIM_MOIS" VALUES(59,'Novembre',2021);
INSERT INTO "DIM_MOIS" VALUES(60,'Décembre',2021);
INSERT INTO "DIM_MOIS" VALUES(61,'Janvier',2022);
INSERT INTO "DIM_MOIS" VALUES(62,'Février',2022);
INSERT INTO "DIM_MOIS" VALUES(63,'Mars',2022);
INSERT INTO "DIM_MOIS" VALUES(64,'Avril',2022);
INSERT INTO "DIM_MOIS" VALUES(65,'Mai',2022);
INSERT INTO "DIM_MOIS" VALUES(66,'Juin',2022);
INSERT INTO "DIM_MOIS" VALUES(67,'Juillet',2022);
INSERT INTO "DIM_MOIS" VALUES(68,'Août',2022);
INSERT INTO "DIM_MOIS" VALUES(69,'Septembre',2022);
INSERT INTO "DIM_MOIS" VALUES(70,'Octobre',2022);
INSERT INTO "DIM_MOIS" VALUES(71,'Novembre',2022);
INSERT INTO "DIM_MOIS" VALUES(72,'Décembre',2022);
INSERT INTO "DIM_MOIS" VALUES(73,'Janvier',2023);
INSERT INTO "DIM_MOIS" VALUES(74,'Février',2023);
INSERT INTO "DIM_MOIS" VALUES(75,'Mars',2023);
INSERT INTO "DIM_MOIS" VALUES(76,'Avril',2023);
INSERT INTO "DIM_MOIS" VALUES(77,'Mai',2023);
INSERT INTO "DIM_MOIS" VALUES(78,'Juin',2023);
INSERT INTO "DIM_MOIS" VALUES(79,'Juillet',2023);
INSERT INTO "DIM_MOIS" VALUES(80,'Août',2023);
INSERT INTO "DIM_MOIS" VALUES(81,'Septembre',2023);
INSERT INTO "DIM_MOIS" VALUES(82,'Octobre',2023);
INSERT INTO "DIM_MOIS" VALUES(83,'Novembre',2023);
INSERT INTO "DIM_MOIS" VALUES(84,'Décembre',2023);
INSERT INTO "DIM_MOIS" VALUES(85,'Janvier',2024);
INSERT INTO "DIM_MOIS" VALUES(86,'Février',2024);
INSERT INTO "DIM_MOIS" VALUES(87,'Mars',2024);
INSERT INTO "DIM_MOIS" VALUES(88,'Avril',2024);
INSERT INTO "DIM_MOIS" VALUES(89,'Mai',2024);
INSERT INTO "DIM_MOIS" VALUES(90,'Juin',2024);
INSERT INTO "DIM_MOIS" VALUES(91,'Juillet',2024);
INSERT INTO "DIM_MOIS" VALUES(92,'Août',2024);
INSERT INTO "DIM_MOIS" VALUES(93,'Septembre',2024);
INSERT INTO "DIM_MOIS" VALUES(94,'Octobre',2024);
INSERT INTO "DIM_MOIS" VALUES(95,'Novembre',2024);
INSERT INTO "DIM_MOIS" VALUES(96,'Décembre',2024);
INSERT INTO "DIM_MOIS" VALUES(97,'Janvier',2025);
INSERT INTO "DIM_MOIS" VALUES(98,'Février',2025);
INSERT INTO "DIM_MOIS" VALUES(99,'Mars',2025);
INSERT INTO "DIM_MOIS" VALUES(100,'Avril',2025);
INSERT INTO "DIM_MOIS" VALUES(101,'Mai',2025);
INSERT INTO "DIM_MOIS" VALUES(102,'Juin',2025);
INSERT INTO "DIM_MOIS" VALUES(103,'Juillet',2025);
INSERT INTO "DIM_MOIS" VALUES(104,'Août',2025);
INSERT INTO "DIM_MOIS" VALUES(105,'Septembre',2025);
INSERT INTO "DIM_MOIS" VALUES(106,'Octobre',2025);
INSERT INTO "DIM_MOIS" VALUES(107,'Novembre',2025);
INSERT INTO "DIM_MOIS" VALUES(108,'Décembre',2025);
INSERT INTO "DIM_MOIS" VALUES(109,'Janvier',2026);
INSERT INTO "DIM_MOIS" VALUES(110,'Février',2026);
INSERT INTO "DIM_MOIS" VALUES(111,'Mars',2026);
INSERT INTO "DIM_MOIS" VALUES(112,'Avril',2026);
INSERT INTO "DIM_MOIS" VALUES(113,'Mai',2026);
INSERT INTO "DIM_MOIS" VALUES(114,'Juin',2026);
INSERT INTO "DIM_MOIS" VALUES(115,'Juillet',2026);
INSERT INTO "DIM_MOIS" VALUES(116,'Août',2026);
INSERT INTO "DIM_MOIS" VALUES(117,'Septembre',2026);
INSERT INTO "DIM_MOIS" VALUES(118,'Octobre',2026);
INSERT INTO "DIM_MOIS" VALUES(119,'Novembre',2026);
INSERT INTO "DIM_MOIS" VALUES(120,'Décembre',2026);
INSERT INTO "DIM_MOIS" VALUES(121,'Janvier',2027);
INSERT INTO "DIM_MOIS" VALUES(122,'Février',2027);
INSERT INTO "DIM_MOIS" VALUES(123,'Mars',2027);
INSERT INTO "DIM_MOIS" VALUES(124,'Avril',2027);
INSERT INTO "DIM_MOIS" VALUES(125,'Mai',2027);
INSERT INTO "DIM_MOIS" VALUES(126,'Juin',2027);
INSERT INTO "DIM_MOIS" VALUES(127,'Juillet',2027);
INSERT INTO "DIM_MOIS" VALUES(128,'Août',2027);
INSERT INTO "DIM_MOIS" VALUES(129,'Septembre',2027);
INSERT INTO "DIM_MOIS" VALUES(130,'Octobre',2027);
INSERT INTO "DIM_MOIS" VALUES(131,'Novembre',2027);
INSERT INTO "DIM_MOIS" VALUES(132,'Décembre',2027);
CREATE TABLE DIM_SEMAINE (
    ID_SEMAINE INTEGER PRIMARY KEY,
    ID_MOIS INTEGER,
    ID_ANNEE INTEGER,
    NUM_SEMAINE INTEGER CHECK (NUM_SEMAINE BETWEEN 1 AND 53),
    DATE_DEBUT TEXT,
    DATE_FIN TEXT,
    FOREIGN KEY (ID_MOIS) REFERENCES DIM_MOIS(ID_MOIS),
    FOREIGN KEY (ID_ANNEE) REFERENCES DIM_ANNEE(ID_ANNEE)
);
INSERT INTO "DIM_SEMAINE" VALUES(1,1,2017,1,'2017-01-02','2017-01-08');
INSERT INTO "DIM_SEMAINE" VALUES(2,1,2017,2,'2017-01-09','2017-01-15');
INSERT INTO "DIM_SEMAINE" VALUES(3,1,2017,3,'2017-01-16','2017-01-22');
INSERT INTO "DIM_SEMAINE" VALUES(4,1,2017,4,'2017-01-23','2017-01-29');
INSERT INTO "DIM_SEMAINE" VALUES(5,1,2017,5,'2017-01-30','2017-02-05');
INSERT INTO "DIM_SEMAINE" VALUES(6,2,2017,6,'2017-02-06','2017-02-12');
INSERT INTO "DIM_SEMAINE" VALUES(7,2,2017,7,'2017-02-13','2017-02-19');
INSERT INTO "DIM_SEMAINE" VALUES(8,2,2017,8,'2017-02-20','2017-02-26');
INSERT INTO "DIM_SEMAINE" VALUES(9,2,2017,9,'2017-02-27','2017-03-05');
INSERT INTO "DIM_SEMAINE" VALUES(10,3,2017,10,'2017-03-06','2017-03-12');
INSERT INTO "DIM_SEMAINE" VALUES(11,3,2017,11,'2017-03-13','2017-03-19');
INSERT INTO "DIM_SEMAINE" VALUES(12,3,2017,12,'2017-03-20','2017-03-26');
INSERT INTO "DIM_SEMAINE" VALUES(13,3,2017,13,'2017-03-27','2017-04-02');
INSERT INTO "DIM_SEMAINE" VALUES(14,4,2017,14,'2017-04-03','2017-04-09');
INSERT INTO "DIM_SEMAINE" VALUES(15,4,2017,15,'2017-04-10','2017-04-16');
INSERT INTO "DIM_SEMAINE" VALUES(16,4,2017,16,'2017-04-17','2017-04-23');
INSERT INTO "DIM_SEMAINE" VALUES(17,4,2017,17,'2017-04-24','2017-04-30');
INSERT INTO "DIM_SEMAINE" VALUES(18,5,2017,18,'2017-05-01','2017-05-07');
INSERT INTO "DIM_SEMAINE" VALUES(19,5,2017,19,'2017-05-08','2017-05-14');
INSERT INTO "DIM_SEMAINE" VALUES(20,5,2017,20,'2017-05-15','2017-05-21');
INSERT INTO "DIM_SEMAINE" VALUES(21,5,2017,21,'2017-05-22','2017-05-28');
INSERT INTO "DIM_SEMAINE" VALUES(22,5,2017,22,'2017-05-29','2017-06-04');
INSERT INTO "DIM_SEMAINE" VALUES(23,6,2017,23,'2017-06-05','2017-06-11');
INSERT INTO "DIM_SEMAINE" VALUES(24,6,2017,24,'2017-06-12','2017-06-18');
INSERT INTO "DIM_SEMAINE" VALUES(25,6,2017,25,'2017-06-19','2017-06-25');
INSERT INTO "DIM_SEMAINE" VALUES(26,6,2017,26,'2017-06-26','2017-07-02');
INSERT INTO "DIM_SEMAINE" VALUES(27,7,2017,27,'2017-07-03','2017-07-09');
INSERT INTO "DIM_SEMAINE" VALUES(28,7,2017,28,'2017-07-10','2017-07-16');
INSERT INTO "DIM_SEMAINE" VALUES(29,7,2017,29,'2017-07-17','2017-07-23');
INSERT INTO "DIM_SEMAINE" VALUES(30,7,2017,30,'2017-07-24','2017-07-30');
INSERT INTO "DIM_SEMAINE" VALUES(31,7,2017,31,'2017-07-31','2017-08-06');
INSERT INTO "DIM_SEMAINE" VALUES(32,8,2017,32,'2017-08-07','2017-08-13');
INSERT INTO "DIM_SEMAINE" VALUES(33,8,2017,33,'2017-08-14','2017-08-20');
INSERT INTO "DIM_SEMAINE" VALUES(34,8,2017,34,'2017-08-21','2017-08-27');
INSERT INTO "DIM_SEMAINE" VALUES(35,8,2017,35,'2017-08-28','2017-09-03');
INSERT INTO "DIM_SEMAINE" VALUES(36,9,2017,36,'2017-09-04','2017-09-10');
INSERT INTO "DIM_SEMAINE" VALUES(37,9,2017,37,'2017-09-11','2017-09-17');
INSERT INTO "DIM_SEMAINE" VALUES(38,9,2017,38,'2017-09-18','2017-09-24');
INSERT INTO "DIM_SEMAINE" VALUES(39,9,2017,39,'2017-09-25','2017-10-01');
INSERT INTO "DIM_SEMAINE" VALUES(40,10,2017,40,'2017-10-02','2017-10-08');
INSERT INTO "DIM_SEMAINE" VALUES(41,10,2017,41,'2017-10-09','2017-10-15');
INSERT INTO "DIM_SEMAINE" VALUES(42,10,2017,42,'2017-10-16','2017-10-22');
INSERT INTO "DIM_SEMAINE" VALUES(43,10,2017,43,'2017-10-23','2017-10-29');
INSERT INTO "DIM_SEMAINE" VALUES(44,10,2017,44,'2017-10-30','2017-11-05');
INSERT INTO "DIM_SEMAINE" VALUES(45,11,2017,45,'2017-11-06','2017-11-12');
INSERT INTO "DIM_SEMAINE" VALUES(46,11,2017,46,'2017-11-13','2017-11-19');
INSERT INTO "DIM_SEMAINE" VALUES(47,11,2017,47,'2017-11-20','2017-11-26');
INSERT INTO "DIM_SEMAINE" VALUES(48,11,2017,48,'2017-11-27','2017-12-03');
INSERT INTO "DIM_SEMAINE" VALUES(49,12,2017,49,'2017-12-04','2017-12-10');
INSERT INTO "DIM_SEMAINE" VALUES(50,12,2017,50,'2017-12-11','2017-12-17');
INSERT INTO "DIM_SEMAINE" VALUES(51,12,2017,51,'2017-12-18','2017-12-24');
INSERT INTO "DIM_SEMAINE" VALUES(52,12,2017,52,'2017-12-25','2017-12-31');
INSERT INTO "DIM_SEMAINE" VALUES(53,13,2018,1,'2018-01-01','2018-01-07');
INSERT INTO "DIM_SEMAINE" VALUES(54,13,2018,2,'2018-01-08','2018-01-14');
INSERT INTO "DIM_SEMAINE" VALUES(55,13,2018,3,'2018-01-15','2018-01-21');
INSERT INTO "DIM_SEMAINE" VALUES(56,13,2018,4,'2018-01-22','2018-01-28');
INSERT INTO "DIM_SEMAINE" VALUES(57,13,2018,5,'2018-01-29','2018-02-04');
INSERT INTO "DIM_SEMAINE" VALUES(58,14,2018,6,'2018-02-05','2018-02-11');
INSERT INTO "DIM_SEMAINE" VALUES(59,14,2018,7,'2018-02-12','2018-02-18');
INSERT INTO "DIM_SEMAINE" VALUES(60,14,2018,8,'2018-02-19','2018-02-25');
INSERT INTO "DIM_SEMAINE" VALUES(61,14,2018,9,'2018-02-26','2018-03-04');
INSERT INTO "DIM_SEMAINE" VALUES(62,15,2018,10,'2018-03-05','2018-03-11');
INSERT INTO "DIM_SEMAINE" VALUES(63,15,2018,11,'2018-03-12','2018-03-18');
INSERT INTO "DIM_SEMAINE" VALUES(64,15,2018,12,'2018-03-19','2018-03-25');
INSERT INTO "DIM_SEMAINE" VALUES(65,15,2018,13,'2018-03-26','2018-04-01');
INSERT INTO "DIM_SEMAINE" VALUES(66,16,2018,14,'2018-04-02','2018-04-08');
INSERT INTO "DIM_SEMAINE" VALUES(67,16,2018,15,'2018-04-09','2018-04-15');
INSERT INTO "DIM_SEMAINE" VALUES(68,16,2018,16,'2018-04-16','2018-04-22');
INSERT INTO "DIM_SEMAINE" VALUES(69,16,2018,17,'2018-04-23','2018-04-29');
INSERT INTO "DIM_SEMAINE" VALUES(70,16,2018,18,'2018-04-30','2018-05-06');
INSERT INTO "DIM_SEMAINE" VALUES(71,17,2018,19,'2018-05-07','2018-05-13');
INSERT INTO "DIM_SEMAINE" VALUES(72,17,2018,20,'2018-05-14','2018-05-20');
INSERT INTO "DIM_SEMAINE" VALUES(73,17,2018,21,'2018-05-21','2018-05-27');
INSERT INTO "DIM_SEMAINE" VALUES(74,17,2018,22,'2018-05-28','2018-06-03');
INSERT INTO "DIM_SEMAINE" VALUES(75,18,2018,23,'2018-06-04','2018-06-10');
INSERT INTO "DIM_SEMAINE" VALUES(76,18,2018,24,'2018-06-11','2018-06-17');
INSERT INTO "DIM_SEMAINE" VALUES(77,18,2018,25,'2018-06-18','2018-06-24');
INSERT INTO "DIM_SEMAINE" VALUES(78,18,2018,26,'2018-06-25','2018-07-01');
INSERT INTO "DIM_SEMAINE" VALUES(79,19,2018,27,'2018-07-02','2018-07-08');
INSERT INTO "DIM_SEMAINE" VALUES(80,19,2018,28,'2018-07-09','2018-07-15');
INSERT INTO "DIM_SEMAINE" VALUES(81,19,2018,29,'2018-07-16','2018-07-22');
INSERT INTO "DIM_SEMAINE" VALUES(82,19,2018,30,'2018-07-23','2018-07-29');
INSERT INTO "DIM_SEMAINE" VALUES(83,19,2018,31,'2018-07-30','2018-08-05');
INSERT INTO "DIM_SEMAINE" VALUES(84,20,2018,32,'2018-08-06','2018-08-12');
INSERT INTO "DIM_SEMAINE" VALUES(85,20,2018,33,'2018-08-13','2018-08-19');
INSERT INTO "DIM_SEMAINE" VALUES(86,20,2018,34,'2018-08-20','2018-08-26');
INSERT INTO "DIM_SEMAINE" VALUES(87,20,2018,35,'2018-08-27','2018-09-02');
INSERT INTO "DIM_SEMAINE" VALUES(88,21,2018,36,'2018-09-03','2018-09-09');
INSERT INTO "DIM_SEMAINE" VALUES(89,21,2018,37,'2018-09-10','2018-09-16');
INSERT INTO "DIM_SEMAINE" VALUES(90,21,2018,38,'2018-09-17','2018-09-23');
INSERT INTO "DIM_SEMAINE" VALUES(91,21,2018,39,'2018-09-24','2018-09-30');
INSERT INTO "DIM_SEMAINE" VALUES(92,22,2018,40,'2018-10-01','2018-10-07');
INSERT INTO "DIM_SEMAINE" VALUES(93,22,2018,41,'2018-10-08','2018-10-14');
INSERT INTO "DIM_SEMAINE" VALUES(94,22,2018,42,'2018-10-15','2018-10-21');
INSERT INTO "DIM_SEMAINE" VALUES(95,22,2018,43,'2018-10-22','2018-10-28');
INSERT INTO "DIM_SEMAINE" VALUES(96,22,2018,44,'2018-10-29','2018-11-04');
INSERT INTO "DIM_SEMAINE" VALUES(97,23,2018,45,'2018-11-05','2018-11-11');
INSERT INTO "DIM_SEMAINE" VALUES(98,23,2018,46,'2018-11-12','2018-11-18');
INSERT INTO "DIM_SEMAINE" VALUES(99,23,2018,47,'2018-11-19','2018-11-25');
INSERT INTO "DIM_SEMAINE" VALUES(100,23,2018,48,'2018-11-26','2018-12-02');
INSERT INTO "DIM_SEMAINE" VALUES(101,24,2018,49,'2018-12-03','2018-12-09');
INSERT INTO "DIM_SEMAINE" VALUES(102,24,2018,50,'2018-12-10','2018-12-16');
INSERT INTO "DIM_SEMAINE" VALUES(103,24,2018,51,'2018-12-17','2018-12-23');
INSERT INTO "DIM_SEMAINE" VALUES(104,24,2018,52,'2018-12-24','2018-12-30');
INSERT INTO "DIM_SEMAINE" VALUES(105,24,2018,53,'2018-12-31','2019-01-06');
INSERT INTO "DIM_SEMAINE" VALUES(106,25,2019,1,'2019-01-07','2019-01-13');
INSERT INTO "DIM_SEMAINE" VALUES(107,25,2019,2,'2019-01-14','2019-01-20');
INSERT INTO "DIM_SEMAINE" VALUES(108,25,2019,3,'2019-01-21','2019-01-27');
INSERT INTO "DIM_SEMAINE" VALUES(109,25,2019,4,'2019-01-28','2019-02-03');
INSERT INTO "DIM_SEMAINE" VALUES(110,26,2019,5,'2019-02-04','2019-02-10');
INSERT INTO "DIM_SEMAINE" VALUES(111,26,2019,6,'2019-02-11','2019-02-17');
INSERT INTO "DIM_SEMAINE" VALUES(112,26,2019,7,'2019-02-18','2019-02-24');
INSERT INTO "DIM_SEMAINE" VALUES(113,26,2019,8,'2019-02-25','2019-03-03');
INSERT INTO "DIM_SEMAINE" VALUES(114,27,2019,9,'2019-03-04','2019-03-10');
INSERT INTO "DIM_SEMAINE" VALUES(115,27,2019,10,'2019-03-11','2019-03-17');
INSERT INTO "DIM_SEMAINE" VALUES(116,27,2019,11,'2019-03-18','2019-03-24');
INSERT INTO "DIM_SEMAINE" VALUES(117,27,2019,12,'2019-03-25','2019-03-31');
INSERT INTO "DIM_SEMAINE" VALUES(118,28,2019,13,'2019-04-01','2019-04-07');
INSERT INTO "DIM_SEMAINE" VALUES(119,28,2019,14,'2019-04-08','2019-04-14');
INSERT INTO "DIM_SEMAINE" VALUES(120,28,2019,15,'2019-04-15','2019-04-21');
INSERT INTO "DIM_SEMAINE" VALUES(121,28,2019,16,'2019-04-22','2019-04-28');
INSERT INTO "DIM_SEMAINE" VALUES(122,28,2019,17,'2019-04-29','2019-05-05');
INSERT INTO "DIM_SEMAINE" VALUES(123,29,2019,18,'2019-05-06','2019-05-12');
INSERT INTO "DIM_SEMAINE" VALUES(124,29,2019,19,'2019-05-13','2019-05-19');
INSERT INTO "DIM_SEMAINE" VALUES(125,29,2019,20,'2019-05-20','2019-05-26');
INSERT INTO "DIM_SEMAINE" VALUES(126,29,2019,21,'2019-05-27','2019-06-02');
INSERT INTO "DIM_SEMAINE" VALUES(127,30,2019,22,'2019-06-03','2019-06-09');
INSERT INTO "DIM_SEMAINE" VALUES(128,30,2019,23,'2019-06-10','2019-06-16');
INSERT INTO "DIM_SEMAINE" VALUES(129,30,2019,24,'2019-06-17','2019-06-23');
INSERT INTO "DIM_SEMAINE" VALUES(130,30,2019,25,'2019-06-24','2019-06-30');
INSERT INTO "DIM_SEMAINE" VALUES(131,31,2019,26,'2019-07-01','2019-07-07');
INSERT INTO "DIM_SEMAINE" VALUES(132,31,2019,27,'2019-07-08','2019-07-14');
INSERT INTO "DIM_SEMAINE" VALUES(133,31,2019,28,'2019-07-15','2019-07-21');
INSERT INTO "DIM_SEMAINE" VALUES(134,31,2019,29,'2019-07-22','2019-07-28');
INSERT INTO "DIM_SEMAINE" VALUES(135,31,2019,30,'2019-07-29','2019-08-04');
INSERT INTO "DIM_SEMAINE" VALUES(136,32,2019,31,'2019-08-05','2019-08-11');
INSERT INTO "DIM_SEMAINE" VALUES(137,32,2019,32,'2019-08-12','2019-08-18');
INSERT INTO "DIM_SEMAINE" VALUES(138,32,2019,33,'2019-08-19','2019-08-25');
INSERT INTO "DIM_SEMAINE" VALUES(139,32,2019,34,'2019-08-26','2019-09-01');
INSERT INTO "DIM_SEMAINE" VALUES(140,33,2019,35,'2019-09-02','2019-09-08');
INSERT INTO "DIM_SEMAINE" VALUES(141,33,2019,36,'2019-09-09','2019-09-15');
INSERT INTO "DIM_SEMAINE" VALUES(142,33,2019,37,'2019-09-16','2019-09-22');
INSERT INTO "DIM_SEMAINE" VALUES(143,33,2019,38,'2019-09-23','2019-09-29');
INSERT INTO "DIM_SEMAINE" VALUES(144,33,2019,39,'2019-09-30','2019-10-06');
INSERT INTO "DIM_SEMAINE" VALUES(145,34,2019,40,'2019-10-07','2019-10-13');
INSERT INTO "DIM_SEMAINE" VALUES(146,34,2019,41,'2019-10-14','2019-10-20');
INSERT INTO "DIM_SEMAINE" VALUES(147,34,2019,42,'2019-10-21','2019-10-27');
INSERT INTO "DIM_SEMAINE" VALUES(148,34,2019,43,'2019-10-28','2019-11-03');
INSERT INTO "DIM_SEMAINE" VALUES(149,35,2019,44,'2019-11-04','2019-11-10');
INSERT INTO "DIM_SEMAINE" VALUES(150,35,2019,45,'2019-11-11','2019-11-17');
INSERT INTO "DIM_SEMAINE" VALUES(151,35,2019,46,'2019-11-18','2019-11-24');
INSERT INTO "DIM_SEMAINE" VALUES(152,35,2019,47,'2019-11-25','2019-12-01');
INSERT INTO "DIM_SEMAINE" VALUES(153,36,2019,48,'2019-12-02','2019-12-08');
INSERT INTO "DIM_SEMAINE" VALUES(154,36,2019,49,'2019-12-09','2019-12-15');
INSERT INTO "DIM_SEMAINE" VALUES(155,36,2019,50,'2019-12-16','2019-12-22');
INSERT INTO "DIM_SEMAINE" VALUES(156,36,2019,51,'2019-12-23','2019-12-29');
INSERT INTO "DIM_SEMAINE" VALUES(157,36,2019,52,'2019-12-30','2020-01-05');
INSERT INTO "DIM_SEMAINE" VALUES(158,37,2020,1,'2020-01-06','2020-01-12');
INSERT INTO "DIM_SEMAINE" VALUES(159,37,2020,2,'2020-01-13','2020-01-19');
INSERT INTO "DIM_SEMAINE" VALUES(160,37,2020,3,'2020-01-20','2020-01-26');
INSERT INTO "DIM_SEMAINE" VALUES(161,37,2020,4,'2020-01-27','2020-02-02');
INSERT INTO "DIM_SEMAINE" VALUES(162,38,2020,5,'2020-02-03','2020-02-09');
INSERT INTO "DIM_SEMAINE" VALUES(163,38,2020,6,'2020-02-10','2020-02-16');
INSERT INTO "DIM_SEMAINE" VALUES(164,38,2020,7,'2020-02-17','2020-02-23');
INSERT INTO "DIM_SEMAINE" VALUES(165,38,2020,8,'2020-02-24','2020-03-01');
INSERT INTO "DIM_SEMAINE" VALUES(166,39,2020,9,'2020-03-02','2020-03-08');
INSERT INTO "DIM_SEMAINE" VALUES(167,39,2020,10,'2020-03-09','2020-03-15');
INSERT INTO "DIM_SEMAINE" VALUES(168,39,2020,11,'2020-03-16','2020-03-22');
INSERT INTO "DIM_SEMAINE" VALUES(169,39,2020,12,'2020-03-23','2020-03-29');
INSERT INTO "DIM_SEMAINE" VALUES(170,39,2020,13,'2020-03-30','2020-04-05');
INSERT INTO "DIM_SEMAINE" VALUES(171,40,2020,14,'2020-04-06','2020-04-12');
INSERT INTO "DIM_SEMAINE" VALUES(172,40,2020,15,'2020-04-13','2020-04-19');
INSERT INTO "DIM_SEMAINE" VALUES(173,40,2020,16,'2020-04-20','2020-04-26');
INSERT INTO "DIM_SEMAINE" VALUES(174,40,2020,17,'2020-04-27','2020-05-03');
INSERT INTO "DIM_SEMAINE" VALUES(175,41,2020,18,'2020-05-04','2020-05-10');
INSERT INTO "DIM_SEMAINE" VALUES(176,41,2020,19,'2020-05-11','2020-05-17');
INSERT INTO "DIM_SEMAINE" VALUES(177,41,2020,20,'2020-05-18','2020-05-24');
INSERT INTO "DIM_SEMAINE" VALUES(178,41,2020,21,'2020-05-25','2020-05-31');
INSERT INTO "DIM_SEMAINE" VALUES(179,42,2020,22,'2020-06-01','2020-06-07');
INSERT INTO "DIM_SEMAINE" VALUES(180,42,2020,23,'2020-06-08','2020-06-14');
INSERT INTO "DIM_SEMAINE" VALUES(181,42,2020,24,'2020-06-15','2020-06-21');
INSERT INTO "DIM_SEMAINE" VALUES(182,42,2020,25,'2020-06-22','2020-06-28');
INSERT INTO "DIM_SEMAINE" VALUES(183,42,2020,26,'2020-06-29','2020-07-05');
INSERT INTO "DIM_SEMAINE" VALUES(184,43,2020,27,'2020-07-06','2020-07-12');
INSERT INTO "DIM_SEMAINE" VALUES(185,43,2020,28,'2020-07-13','2020-07-19');
INSERT INTO "DIM_SEMAINE" VALUES(186,43,2020,29,'2020-07-20','2020-07-26');
INSERT INTO "DIM_SEMAINE" VALUES(187,43,2020,30,'2020-07-27','2020-08-02');
INSERT INTO "DIM_SEMAINE" VALUES(188,44,2020,31,'2020-08-03','2020-08-09');
INSERT INTO "DIM_SEMAINE" VALUES(189,44,2020,32,'2020-08-10','2020-08-16');
INSERT INTO "DIM_SEMAINE" VALUES(190,44,2020,33,'2020-08-17','2020-08-23');
INSERT INTO "DIM_SEMAINE" VALUES(191,44,2020,34,'2020-08-24','2020-08-30');
INSERT INTO "DIM_SEMAINE" VALUES(192,44,2020,35,'2020-08-31','2020-09-06');
INSERT INTO "DIM_SEMAINE" VALUES(193,45,2020,36,'2020-09-07','2020-09-13');
INSERT INTO "DIM_SEMAINE" VALUES(194,45,2020,37,'2020-09-14','2020-09-20');
INSERT INTO "DIM_SEMAINE" VALUES(195,45,2020,38,'2020-09-21','2020-09-27');
INSERT INTO "DIM_SEMAINE" VALUES(196,45,2020,39,'2020-09-28','2020-10-04');
INSERT INTO "DIM_SEMAINE" VALUES(197,46,2020,40,'2020-10-05','2020-10-11');
INSERT INTO "DIM_SEMAINE" VALUES(198,46,2020,41,'2020-10-12','2020-10-18');
INSERT INTO "DIM_SEMAINE" VALUES(199,46,2020,42,'2020-10-19','2020-10-25');
INSERT INTO "DIM_SEMAINE" VALUES(200,46,2020,43,'2020-10-26','2020-11-01');
INSERT INTO "DIM_SEMAINE" VALUES(201,47,2020,44,'2020-11-02','2020-11-08');
INSERT INTO "DIM_SEMAINE" VALUES(202,47,2020,45,'2020-11-09','2020-11-15');
INSERT INTO "DIM_SEMAINE" VALUES(203,47,2020,46,'2020-11-16','2020-11-22');
INSERT INTO "DIM_SEMAINE" VALUES(204,47,2020,47,'2020-11-23','2020-11-29');
INSERT INTO "DIM_SEMAINE" VALUES(205,47,2020,48,'2020-11-30','2020-12-06');
INSERT INTO "DIM_SEMAINE" VALUES(206,48,2020,49,'2020-12-07','2020-12-13');
INSERT INTO "DIM_SEMAINE" VALUES(207,48,2020,50,'2020-12-14','2020-12-20');
INSERT INTO "DIM_SEMAINE" VALUES(208,48,2020,51,'2020-12-21','2020-12-27');
INSERT INTO "DIM_SEMAINE" VALUES(209,48,2020,52,'2020-12-28','2021-01-03');
INSERT INTO "DIM_SEMAINE" VALUES(210,37,2020,1,'2021-01-04','2021-01-10');
INSERT INTO "DIM_SEMAINE" VALUES(211,49,2021,2,'2021-01-11','2021-01-17');
INSERT INTO "DIM_SEMAINE" VALUES(212,49,2021,3,'2021-01-18','2021-01-24');
INSERT INTO "DIM_SEMAINE" VALUES(213,49,2021,4,'2021-01-25','2021-01-31');
INSERT INTO "DIM_SEMAINE" VALUES(214,50,2021,5,'2021-02-01','2021-02-07');
INSERT INTO "DIM_SEMAINE" VALUES(215,50,2021,6,'2021-02-08','2021-02-14');
INSERT INTO "DIM_SEMAINE" VALUES(216,50,2021,7,'2021-02-15','2021-02-21');
INSERT INTO "DIM_SEMAINE" VALUES(217,50,2021,8,'2021-02-22','2021-02-28');
INSERT INTO "DIM_SEMAINE" VALUES(218,51,2021,9,'2021-03-01','2021-03-07');
INSERT INTO "DIM_SEMAINE" VALUES(219,51,2021,10,'2021-03-08','2021-03-14');
INSERT INTO "DIM_SEMAINE" VALUES(220,51,2021,11,'2021-03-15','2021-03-21');
INSERT INTO "DIM_SEMAINE" VALUES(221,51,2021,12,'2021-03-22','2021-03-28');
INSERT INTO "DIM_SEMAINE" VALUES(222,51,2021,13,'2021-03-29','2021-04-04');
INSERT INTO "DIM_SEMAINE" VALUES(223,52,2021,14,'2021-04-05','2021-04-11');
INSERT INTO "DIM_SEMAINE" VALUES(224,52,2021,15,'2021-04-12','2021-04-18');
INSERT INTO "DIM_SEMAINE" VALUES(225,52,2021,16,'2021-04-19','2021-04-25');
INSERT INTO "DIM_SEMAINE" VALUES(226,52,2021,17,'2021-04-26','2021-05-02');
INSERT INTO "DIM_SEMAINE" VALUES(227,53,2021,18,'2021-05-03','2021-05-09');
INSERT INTO "DIM_SEMAINE" VALUES(228,53,2021,19,'2021-05-10','2021-05-16');
INSERT INTO "DIM_SEMAINE" VALUES(229,53,2021,20,'2021-05-17','2021-05-23');
INSERT INTO "DIM_SEMAINE" VALUES(230,53,2021,21,'2021-05-24','2021-05-30');
INSERT INTO "DIM_SEMAINE" VALUES(231,53,2021,22,'2021-05-31','2021-06-06');
INSERT INTO "DIM_SEMAINE" VALUES(232,54,2021,23,'2021-06-07','2021-06-13');
INSERT INTO "DIM_SEMAINE" VALUES(233,54,2021,24,'2021-06-14','2021-06-20');
INSERT INTO "DIM_SEMAINE" VALUES(234,54,2021,25,'2021-06-21','2021-06-27');
INSERT INTO "DIM_SEMAINE" VALUES(235,54,2021,26,'2021-06-28','2021-07-04');
INSERT INTO "DIM_SEMAINE" VALUES(236,55,2021,27,'2021-07-05','2021-07-11');
INSERT INTO "DIM_SEMAINE" VALUES(237,55,2021,28,'2021-07-12','2021-07-18');
INSERT INTO "DIM_SEMAINE" VALUES(238,55,2021,29,'2021-07-19','2021-07-25');
INSERT INTO "DIM_SEMAINE" VALUES(239,55,2021,30,'2021-07-26','2021-08-01');
INSERT INTO "DIM_SEMAINE" VALUES(240,56,2021,31,'2021-08-02','2021-08-08');
INSERT INTO "DIM_SEMAINE" VALUES(241,56,2021,32,'2021-08-09','2021-08-15');
INSERT INTO "DIM_SEMAINE" VALUES(242,56,2021,33,'2021-08-16','2021-08-22');
INSERT INTO "DIM_SEMAINE" VALUES(243,56,2021,34,'2021-08-23','2021-08-29');
INSERT INTO "DIM_SEMAINE" VALUES(244,56,2021,35,'2021-08-30','2021-09-05');
INSERT INTO "DIM_SEMAINE" VALUES(245,57,2021,36,'2021-09-06','2021-09-12');
INSERT INTO "DIM_SEMAINE" VALUES(246,57,2021,37,'2021-09-13','2021-09-19');
INSERT INTO "DIM_SEMAINE" VALUES(247,57,2021,38,'2021-09-20','2021-09-26');
INSERT INTO "DIM_SEMAINE" VALUES(248,57,2021,39,'2021-09-27','2021-10-03');
INSERT INTO "DIM_SEMAINE" VALUES(249,58,2021,40,'2021-10-04','2021-10-10');
INSERT INTO "DIM_SEMAINE" VALUES(250,58,2021,41,'2021-10-11','2021-10-17');
INSERT INTO "DIM_SEMAINE" VALUES(251,58,2021,42,'2021-10-18','2021-10-24');
INSERT INTO "DIM_SEMAINE" VALUES(252,58,2021,43,'2021-10-25','2021-10-31');
INSERT INTO "DIM_SEMAINE" VALUES(253,59,2021,44,'2021-11-01','2021-11-07');
INSERT INTO "DIM_SEMAINE" VALUES(254,59,2021,45,'2021-11-08','2021-11-14');
INSERT INTO "DIM_SEMAINE" VALUES(255,59,2021,46,'2021-11-15','2021-11-21');
INSERT INTO "DIM_SEMAINE" VALUES(256,59,2021,47,'2021-11-22','2021-11-28');
INSERT INTO "DIM_SEMAINE" VALUES(257,59,2021,48,'2021-11-29','2021-12-05');
INSERT INTO "DIM_SEMAINE" VALUES(258,60,2021,49,'2021-12-06','2021-12-12');
INSERT INTO "DIM_SEMAINE" VALUES(259,60,2021,50,'2021-12-13','2021-12-19');
INSERT INTO "DIM_SEMAINE" VALUES(260,60,2021,51,'2021-12-20','2021-12-26');
INSERT INTO "DIM_SEMAINE" VALUES(261,60,2021,52,'2021-12-27','2022-01-02');
INSERT INTO "DIM_SEMAINE" VALUES(262,49,2021,1,'2022-01-03','2022-01-09');
INSERT INTO "DIM_SEMAINE" VALUES(263,61,2022,2,'2022-01-10','2022-01-16');
INSERT INTO "DIM_SEMAINE" VALUES(264,61,2022,3,'2022-01-17','2022-01-23');
INSERT INTO "DIM_SEMAINE" VALUES(265,61,2022,4,'2022-01-24','2022-01-30');
INSERT INTO "DIM_SEMAINE" VALUES(266,61,2022,5,'2022-01-31','2022-02-06');
INSERT INTO "DIM_SEMAINE" VALUES(267,62,2022,6,'2022-02-07','2022-02-13');
INSERT INTO "DIM_SEMAINE" VALUES(268,62,2022,7,'2022-02-14','2022-02-20');
INSERT INTO "DIM_SEMAINE" VALUES(269,62,2022,8,'2022-02-21','2022-02-27');
INSERT INTO "DIM_SEMAINE" VALUES(270,62,2022,9,'2022-02-28','2022-03-06');
INSERT INTO "DIM_SEMAINE" VALUES(271,63,2022,10,'2022-03-07','2022-03-13');
INSERT INTO "DIM_SEMAINE" VALUES(272,63,2022,11,'2022-03-14','2022-03-20');
INSERT INTO "DIM_SEMAINE" VALUES(273,63,2022,12,'2022-03-21','2022-03-27');
INSERT INTO "DIM_SEMAINE" VALUES(274,63,2022,13,'2022-03-28','2022-04-03');
INSERT INTO "DIM_SEMAINE" VALUES(275,64,2022,14,'2022-04-04','2022-04-10');
INSERT INTO "DIM_SEMAINE" VALUES(276,64,2022,15,'2022-04-11','2022-04-17');
INSERT INTO "DIM_SEMAINE" VALUES(277,64,2022,16,'2022-04-18','2022-04-24');
INSERT INTO "DIM_SEMAINE" VALUES(278,64,2022,17,'2022-04-25','2022-05-01');
INSERT INTO "DIM_SEMAINE" VALUES(279,65,2022,18,'2022-05-02','2022-05-08');
INSERT INTO "DIM_SEMAINE" VALUES(280,65,2022,19,'2022-05-09','2022-05-15');
INSERT INTO "DIM_SEMAINE" VALUES(281,65,2022,20,'2022-05-16','2022-05-22');
INSERT INTO "DIM_SEMAINE" VALUES(282,65,2022,21,'2022-05-23','2022-05-29');
INSERT INTO "DIM_SEMAINE" VALUES(283,65,2022,22,'2022-05-30','2022-06-05');
INSERT INTO "DIM_SEMAINE" VALUES(284,66,2022,23,'2022-06-06','2022-06-12');
INSERT INTO "DIM_SEMAINE" VALUES(285,66,2022,24,'2022-06-13','2022-06-19');
INSERT INTO "DIM_SEMAINE" VALUES(286,66,2022,25,'2022-06-20','2022-06-26');
INSERT INTO "DIM_SEMAINE" VALUES(287,66,2022,26,'2022-06-27','2022-07-03');
INSERT INTO "DIM_SEMAINE" VALUES(288,67,2022,27,'2022-07-04','2022-07-10');
INSERT INTO "DIM_SEMAINE" VALUES(289,67,2022,28,'2022-07-11','2022-07-17');
INSERT INTO "DIM_SEMAINE" VALUES(290,67,2022,29,'2022-07-18','2022-07-24');
INSERT INTO "DIM_SEMAINE" VALUES(291,67,2022,30,'2022-07-25','2022-07-31');
INSERT INTO "DIM_SEMAINE" VALUES(292,68,2022,31,'2022-08-01','2022-08-07');
INSERT INTO "DIM_SEMAINE" VALUES(293,68,2022,32,'2022-08-08','2022-08-14');
INSERT INTO "DIM_SEMAINE" VALUES(294,68,2022,33,'2022-08-15','2022-08-21');
INSERT INTO "DIM_SEMAINE" VALUES(295,68,2022,34,'2022-08-22','2022-08-28');
INSERT INTO "DIM_SEMAINE" VALUES(296,68,2022,35,'2022-08-29','2022-09-04');
INSERT INTO "DIM_SEMAINE" VALUES(297,69,2022,36,'2022-09-05','2022-09-11');
INSERT INTO "DIM_SEMAINE" VALUES(298,69,2022,37,'2022-09-12','2022-09-18');
INSERT INTO "DIM_SEMAINE" VALUES(299,69,2022,38,'2022-09-19','2022-09-25');
INSERT INTO "DIM_SEMAINE" VALUES(300,69,2022,39,'2022-09-26','2022-10-02');
INSERT INTO "DIM_SEMAINE" VALUES(301,70,2022,40,'2022-10-03','2022-10-09');
INSERT INTO "DIM_SEMAINE" VALUES(302,70,2022,41,'2022-10-10','2022-10-16');
INSERT INTO "DIM_SEMAINE" VALUES(303,70,2022,42,'2022-10-17','2022-10-23');
INSERT INTO "DIM_SEMAINE" VALUES(304,70,2022,43,'2022-10-24','2022-10-30');
INSERT INTO "DIM_SEMAINE" VALUES(305,70,2022,44,'2022-10-31','2022-11-06');
INSERT INTO "DIM_SEMAINE" VALUES(306,71,2022,45,'2022-11-07','2022-11-13');
INSERT INTO "DIM_SEMAINE" VALUES(307,71,2022,46,'2022-11-14','2022-11-20');
INSERT INTO "DIM_SEMAINE" VALUES(308,71,2022,47,'2022-11-21','2022-11-27');
INSERT INTO "DIM_SEMAINE" VALUES(309,71,2022,48,'2022-11-28','2022-12-04');
INSERT INTO "DIM_SEMAINE" VALUES(310,72,2022,49,'2022-12-05','2022-12-11');
INSERT INTO "DIM_SEMAINE" VALUES(311,72,2022,50,'2022-12-12','2022-12-18');
INSERT INTO "DIM_SEMAINE" VALUES(312,72,2022,51,'2022-12-19','2022-12-25');
INSERT INTO "DIM_SEMAINE" VALUES(313,72,2022,52,'2022-12-26','2023-01-01');
INSERT INTO "DIM_SEMAINE" VALUES(314,61,2022,1,'2023-01-02','2023-01-08');
INSERT INTO "DIM_SEMAINE" VALUES(315,73,2023,2,'2023-01-09','2023-01-15');
INSERT INTO "DIM_SEMAINE" VALUES(316,73,2023,3,'2023-01-16','2023-01-22');
INSERT INTO "DIM_SEMAINE" VALUES(317,73,2023,4,'2023-01-23','2023-01-29');
INSERT INTO "DIM_SEMAINE" VALUES(318,73,2023,5,'2023-01-30','2023-02-05');
INSERT INTO "DIM_SEMAINE" VALUES(319,74,2023,6,'2023-02-06','2023-02-12');
INSERT INTO "DIM_SEMAINE" VALUES(320,74,2023,7,'2023-02-13','2023-02-19');
INSERT INTO "DIM_SEMAINE" VALUES(321,74,2023,8,'2023-02-20','2023-02-26');
INSERT INTO "DIM_SEMAINE" VALUES(322,74,2023,9,'2023-02-27','2023-03-05');
INSERT INTO "DIM_SEMAINE" VALUES(323,75,2023,10,'2023-03-06','2023-03-12');
INSERT INTO "DIM_SEMAINE" VALUES(324,75,2023,11,'2023-03-13','2023-03-19');
INSERT INTO "DIM_SEMAINE" VALUES(325,75,2023,12,'2023-03-20','2023-03-26');
INSERT INTO "DIM_SEMAINE" VALUES(326,75,2023,13,'2023-03-27','2023-04-02');
INSERT INTO "DIM_SEMAINE" VALUES(327,76,2023,14,'2023-04-03','2023-04-09');
INSERT INTO "DIM_SEMAINE" VALUES(328,76,2023,15,'2023-04-10','2023-04-16');
INSERT INTO "DIM_SEMAINE" VALUES(329,76,2023,16,'2023-04-17','2023-04-23');
INSERT INTO "DIM_SEMAINE" VALUES(330,76,2023,17,'2023-04-24','2023-04-30');
INSERT INTO "DIM_SEMAINE" VALUES(331,77,2023,18,'2023-05-01','2023-05-07');
INSERT INTO "DIM_SEMAINE" VALUES(332,77,2023,19,'2023-05-08','2023-05-14');
INSERT INTO "DIM_SEMAINE" VALUES(333,77,2023,20,'2023-05-15','2023-05-21');
INSERT INTO "DIM_SEMAINE" VALUES(334,77,2023,21,'2023-05-22','2023-05-28');
INSERT INTO "DIM_SEMAINE" VALUES(335,77,2023,22,'2023-05-29','2023-06-04');
INSERT INTO "DIM_SEMAINE" VALUES(336,78,2023,23,'2023-06-05','2023-06-11');
INSERT INTO "DIM_SEMAINE" VALUES(337,78,2023,24,'2023-06-12','2023-06-18');
INSERT INTO "DIM_SEMAINE" VALUES(338,78,2023,25,'2023-06-19','2023-06-25');
INSERT INTO "DIM_SEMAINE" VALUES(339,78,2023,26,'2023-06-26','2023-07-02');
INSERT INTO "DIM_SEMAINE" VALUES(340,79,2023,27,'2023-07-03','2023-07-09');
INSERT INTO "DIM_SEMAINE" VALUES(341,79,2023,28,'2023-07-10','2023-07-16');
INSERT INTO "DIM_SEMAINE" VALUES(342,79,2023,29,'2023-07-17','2023-07-23');
INSERT INTO "DIM_SEMAINE" VALUES(343,79,2023,30,'2023-07-24','2023-07-30');
INSERT INTO "DIM_SEMAINE" VALUES(344,79,2023,31,'2023-07-31','2023-08-06');
INSERT INTO "DIM_SEMAINE" VALUES(345,80,2023,32,'2023-08-07','2023-08-13');
INSERT INTO "DIM_SEMAINE" VALUES(346,80,2023,33,'2023-08-14','2023-08-20');
INSERT INTO "DIM_SEMAINE" VALUES(347,80,2023,34,'2023-08-21','2023-08-27');
INSERT INTO "DIM_SEMAINE" VALUES(348,80,2023,35,'2023-08-28','2023-09-03');
INSERT INTO "DIM_SEMAINE" VALUES(349,81,2023,36,'2023-09-04','2023-09-10');
INSERT INTO "DIM_SEMAINE" VALUES(350,81,2023,37,'2023-09-11','2023-09-17');
INSERT INTO "DIM_SEMAINE" VALUES(351,81,2023,38,'2023-09-18','2023-09-24');
INSERT INTO "DIM_SEMAINE" VALUES(352,81,2023,39,'2023-09-25','2023-10-01');
INSERT INTO "DIM_SEMAINE" VALUES(353,82,2023,40,'2023-10-02','2023-10-08');
INSERT INTO "DIM_SEMAINE" VALUES(354,82,2023,41,'2023-10-09','2023-10-15');
INSERT INTO "DIM_SEMAINE" VALUES(355,82,2023,42,'2023-10-16','2023-10-22');
INSERT INTO "DIM_SEMAINE" VALUES(356,82,2023,43,'2023-10-23','2023-10-29');
INSERT INTO "DIM_SEMAINE" VALUES(357,82,2023,44,'2023-10-30','2023-11-05');
INSERT INTO "DIM_SEMAINE" VALUES(358,83,2023,45,'2023-11-06','2023-11-12');
INSERT INTO "DIM_SEMAINE" VALUES(359,83,2023,46,'2023-11-13','2023-11-19');
INSERT INTO "DIM_SEMAINE" VALUES(360,83,2023,47,'2023-11-20','2023-11-26');
INSERT INTO "DIM_SEMAINE" VALUES(361,83,2023,48,'2023-11-27','2023-12-03');
INSERT INTO "DIM_SEMAINE" VALUES(362,84,2023,49,'2023-12-04','2023-12-10');
INSERT INTO "DIM_SEMAINE" VALUES(363,84,2023,50,'2023-12-11','2023-12-17');
INSERT INTO "DIM_SEMAINE" VALUES(364,84,2023,51,'2023-12-18','2023-12-24');
INSERT INTO "DIM_SEMAINE" VALUES(365,84,2023,52,'2023-12-25','2023-12-31');
CREATE TABLE DIM_TYPE_PATIENT (
    ID_TYPE_PATIENT INTEGER PRIMARY KEY,
    TYPE_PATIENT VARCHAR(255)
);
INSERT INTO "DIM_TYPE_PATIENT" VALUES(1,'CMU');
INSERT INTO "DIM_TYPE_PATIENT" VALUES(2,'NON_CMU');
CREATE TABLE FAIT_PATIENTS_SEMAINE (
    ID_FAIT_PATIENTS_SEMAINE INTEGER PRIMARY KEY,
    ID_SEMAINE INTEGER,
    ID_TYPE_PATIENT INTEGER,
    NOMBRE_PATIENTS INTEGER,
    NOMBRE_PATIENTS_RADIO INTEGER,
    FOREIGN KEY (ID_SEMAINE) REFERENCES DIM_SEMAINE(ID_SEMAINE),
    FOREIGN KEY (ID_TYPE_PATIENT) REFERENCES DIM_TYPE_PATIENT(ID_TYPE_PATIENT)
);
INSERT INTO "FAIT_PATIENTS_SEMAINE" VALUES(1,1,2,120,22);
INSERT INTO "FAIT_PATIENTS_SEMAINE" VALUES(2,1,1,16,0);
INSERT INTO "FAIT_PATIENTS_SEMAINE" VALUES(3,2,2,71,10);
INSERT INTO "FAIT_PATIENTS_SEMAINE" VALUES(4,2,1,13,0);
INSERT INTO "FAIT_PATIENTS_SEMAINE" VALUES(5,3,2,112,20);
INSERT INTO "FAIT_PATIENTS_SEMAINE" VALUES(6,3,1,24,2);
INSERT INTO "FAIT_PATIENTS_SEMAINE" VALUES(7,4,1,30,0);
INSERT INTO "FAIT_PATIENTS_SEMAINE" VALUES(8,4,2,120,0);
INSERT INTO "FAIT_PATIENTS_SEMAINE" VALUES(9,5,1,20,0);
INSERT INTO "FAIT_PATIENTS_SEMAINE" VALUES(10,5,2,123,0);
INSERT INTO "FAIT_PATIENTS_SEMAINE" VALUES(11,6,1,27,1);
INSERT INTO "FAIT_PATIENTS_SEMAINE" VALUES(12,6,2,129,20);
INSERT INTO "FAIT_PATIENTS_SEMAINE" VALUES(13,7,1,23,1);
INSERT INTO "FAIT_PATIENTS_SEMAINE" VALUES(14,7,2,107,34);
INSERT INTO "FAIT_PATIENTS_SEMAINE" VALUES(15,8,1,23,2);
INSERT INTO "FAIT_PATIENTS_SEMAINE" VALUES(16,8,2,138,15);
INSERT INTO "FAIT_PATIENTS_SEMAINE" VALUES(17,9,1,3,2);
INSERT INTO "FAIT_PATIENTS_SEMAINE" VALUES(18,9,2,26,23);
INSERT INTO "FAIT_PATIENTS_SEMAINE" VALUES(19,10,1,20,1);
INSERT INTO "FAIT_PATIENTS_SEMAINE" VALUES(20,10,2,129,20);
INSERT INTO "FAIT_PATIENTS_SEMAINE" VALUES(21,11,1,21,3);
INSERT INTO "FAIT_PATIENTS_SEMAINE" VALUES(22,11,2,111,21);
INSERT INTO "FAIT_PATIENTS_SEMAINE" VALUES(23,12,1,25,2);
INSERT INTO "FAIT_PATIENTS_SEMAINE" VALUES(24,12,2,107,20);
INSERT INTO "FAIT_PATIENTS_SEMAINE" VALUES(25,13,1,26,1);
INSERT INTO "FAIT_PATIENTS_SEMAINE" VALUES(26,13,2,95,18);
INSERT INTO "FAIT_PATIENTS_SEMAINE" VALUES(27,14,1,23,4);
INSERT INTO "FAIT_PATIENTS_SEMAINE" VALUES(28,14,2,122,24);
INSERT INTO "FAIT_PATIENTS_SEMAINE" VALUES(29,15,1,23,2);
INSERT INTO "FAIT_PATIENTS_SEMAINE" VALUES(30,15,2,104,19);
INSERT INTO "FAIT_PATIENTS_SEMAINE" VALUES(31,16,1,27,2);
INSERT INTO "FAIT_PATIENTS_SEMAINE" VALUES(32,16,2,111,12);
INSERT INTO "FAIT_PATIENTS_SEMAINE" VALUES(33,17,1,17,2);
INSERT INTO "FAIT_PATIENTS_SEMAINE" VALUES(34,17,2,90,17);
INSERT INTO "FAIT_PATIENTS_SEMAINE" VALUES(35,18,2,91,16);
INSERT INTO "FAIT_PATIENTS_SEMAINE" VALUES(36,18,1,26,1);
INSERT INTO "FAIT_PATIENTS_SEMAINE" VALUES(37,19,2,88,14);
INSERT INTO "FAIT_PATIENTS_SEMAINE" VALUES(38,19,1,16,0);
INSERT INTO "FAIT_PATIENTS_SEMAINE" VALUES(39,20,2,114,23);
INSERT INTO "FAIT_PATIENTS_SEMAINE" VALUES(40,20,1,29,1);
INSERT INTO "FAIT_PATIENTS_SEMAINE" VALUES(41,21,2,70,4);
INSERT INTO "FAIT_PATIENTS_SEMAINE" VALUES(42,21,1,15,0);
INSERT INTO "FAIT_PATIENTS_SEMAINE" VALUES(43,22,2,117,23);
INSERT INTO "FAIT_PATIENTS_SEMAINE" VALUES(44,22,1,20,2);
INSERT INTO "FAIT_PATIENTS_SEMAINE" VALUES(45,23,2,85,19);
INSERT INTO "FAIT_PATIENTS_SEMAINE" VALUES(46,23,1,15,1);
INSERT INTO "FAIT_PATIENTS_SEMAINE" VALUES(47,24,2,115,27);
INSERT INTO "FAIT_PATIENTS_SEMAINE" VALUES(48,24,1,15,1);
INSERT INTO "FAIT_PATIENTS_SEMAINE" VALUES(49,25,2,83,16);
INSERT INTO "FAIT_PATIENTS_SEMAINE" VALUES(50,25,1,11,0);
INSERT INTO "FAIT_PATIENTS_SEMAINE" VALUES(51,26,2,104,17);
INSERT INTO "FAIT_PATIENTS_SEMAINE" VALUES(52,26,1,20,2);
INSERT INTO "FAIT_PATIENTS_SEMAINE" VALUES(53,27,2,104,20);
INSERT INTO "FAIT_PATIENTS_SEMAINE" VALUES(54,27,1,20,1);
INSERT INTO "FAIT_PATIENTS_SEMAINE" VALUES(55,28,2,98,10);
INSERT INTO "FAIT_PATIENTS_SEMAINE" VALUES(56,28,1,17,2);
INSERT INTO "FAIT_PATIENTS_SEMAINE" VALUES(57,29,2,101,18);
INSERT INTO "FAIT_PATIENTS_SEMAINE" VALUES(58,29,1,9,0);
INSERT INTO "FAIT_PATIENTS_SEMAINE" VALUES(59,30,2,98,20);
INSERT INTO "FAIT_PATIENTS_SEMAINE" VALUES(60,30,1,24,2);
INSERT INTO "FAIT_PATIENTS_SEMAINE" VALUES(61,31,2,92,24);
INSERT INTO "FAIT_PATIENTS_SEMAINE" VALUES(62,31,1,30,2);
INSERT INTO "FAIT_PATIENTS_SEMAINE" VALUES(63,32,2,64,0);
INSERT INTO "FAIT_PATIENTS_SEMAINE" VALUES(64,32,1,26,0);
INSERT INTO "FAIT_PATIENTS_SEMAINE" VALUES(65,33,2,0,0);
INSERT INTO "FAIT_PATIENTS_SEMAINE" VALUES(66,33,1,0,0);
INSERT INTO "FAIT_PATIENTS_SEMAINE" VALUES(67,34,2,73,0);
INSERT INTO "FAIT_PATIENTS_SEMAINE" VALUES(68,34,1,13,0);
INSERT INTO "FAIT_PATIENTS_SEMAINE" VALUES(69,35,2,46,0);
INSERT INTO "FAIT_PATIENTS_SEMAINE" VALUES(70,35,1,18,0);
INSERT INTO "FAIT_PATIENTS_SEMAINE" VALUES(71,36,2,106,31);
INSERT INTO "FAIT_PATIENTS_SEMAINE" VALUES(72,36,1,23,1);
INSERT INTO "FAIT_PATIENTS_SEMAINE" VALUES(73,37,2,91,19);
INSERT INTO "FAIT_PATIENTS_SEMAINE" VALUES(74,37,1,20,3);
INSERT INTO "FAIT_PATIENTS_SEMAINE" VALUES(75,38,2,38,7);
INSERT INTO "FAIT_PATIENTS_SEMAINE" VALUES(76,38,1,10,1);
INSERT INTO "FAIT_PATIENTS_SEMAINE" VALUES(77,39,2,107,25);
INSERT INTO "FAIT_PATIENTS_SEMAINE" VALUES(78,39,1,38,1);
INSERT INTO "FAIT_PATIENTS_SEMAINE" VALUES(79,40,2,110,29);
INSERT INTO "FAIT_PATIENTS_SEMAINE" VALUES(80,40,1,26,1);
INSERT INTO "FAIT_PATIENTS_SEMAINE" VALUES(81,41,2,104,20);
INSERT INTO "FAIT_PATIENTS_SEMAINE" VALUES(82,41,1,16,2);
INSERT INTO "FAIT_PATIENTS_SEMAINE" VALUES(83,42,2,109,29);
INSERT INTO "FAIT_PATIENTS_SEMAINE" VALUES(84,42,1,21,2);
INSERT INTO "FAIT_PATIENTS_SEMAINE" VALUES(85,43,2,110,18);
INSERT INTO "FAIT_PATIENTS_SEMAINE" VALUES(86,43,1,26,1);
INSERT INTO "FAIT_PATIENTS_SEMAINE" VALUES(87,44,2,47,5);
INSERT INTO "FAIT_PATIENTS_SEMAINE" VALUES(88,44,1,16,0);
INSERT INTO "FAIT_PATIENTS_SEMAINE" VALUES(89,45,2,92,24);
INSERT INTO "FAIT_PATIENTS_SEMAINE" VALUES(90,45,1,22,1);
INSERT INTO "FAIT_PATIENTS_SEMAINE" VALUES(91,46,2,32,5);
INSERT INTO "FAIT_PATIENTS_SEMAINE" VALUES(92,46,1,8,0);
INSERT INTO "FAIT_PATIENTS_SEMAINE" VALUES(93,47,2,77,10);
INSERT INTO "FAIT_PATIENTS_SEMAINE" VALUES(94,47,1,37,6);
INSERT INTO "FAIT_PATIENTS_SEMAINE" VALUES(95,48,2,105,18);
INSERT INTO "FAIT_PATIENTS_SEMAINE" VALUES(96,48,1,27,2);
INSERT INTO "FAIT_PATIENTS_SEMAINE" VALUES(97,49,2,81,7);
INSERT INTO "FAIT_PATIENTS_SEMAINE" VALUES(98,49,1,23,0);
INSERT INTO "FAIT_PATIENTS_SEMAINE" VALUES(99,50,2,96,8);
INSERT INTO "FAIT_PATIENTS_SEMAINE" VALUES(100,50,1,19,1);
INSERT INTO "FAIT_PATIENTS_SEMAINE" VALUES(101,51,2,64,2);
INSERT INTO "FAIT_PATIENTS_SEMAINE" VALUES(102,51,1,22,1);
INSERT INTO "FAIT_PATIENTS_SEMAINE" VALUES(103,52,2,0,0);
INSERT INTO "FAIT_PATIENTS_SEMAINE" VALUES(104,52,1,0,0);
INSERT INTO "FAIT_PATIENTS_SEMAINE" VALUES(105,53,2,25,0);
INSERT INTO "FAIT_PATIENTS_SEMAINE" VALUES(106,53,1,5,0);
INSERT INTO "FAIT_PATIENTS_SEMAINE" VALUES(107,54,2,114,28);
INSERT INTO "FAIT_PATIENTS_SEMAINE" VALUES(108,54,1,29,3);
INSERT INTO "FAIT_PATIENTS_SEMAINE" VALUES(109,55,2,50,10);
INSERT INTO "FAIT_PATIENTS_SEMAINE" VALUES(110,55,1,11,1);
INSERT INTO "FAIT_PATIENTS_SEMAINE" VALUES(111,56,2,106,30);
INSERT INTO "FAIT_PATIENTS_SEMAINE" VALUES(112,56,1,33,7);
INSERT INTO "FAIT_PATIENTS_SEMAINE" VALUES(113,57,2,131,22);
INSERT INTO "FAIT_PATIENTS_SEMAINE" VALUES(114,57,1,26,2);
INSERT INTO "FAIT_PATIENTS_SEMAINE" VALUES(115,58,2,99,27);
INSERT INTO "FAIT_PATIENTS_SEMAINE" VALUES(116,58,1,28,1);
INSERT INTO "FAIT_PATIENTS_SEMAINE" VALUES(117,59,2,107,25);
INSERT INTO "FAIT_PATIENTS_SEMAINE" VALUES(118,59,1,19,0);
INSERT INTO "FAIT_PATIENTS_SEMAINE" VALUES(119,60,2,126,21);
INSERT INTO "FAIT_PATIENTS_SEMAINE" VALUES(120,60,1,26,4);
INSERT INTO "FAIT_PATIENTS_SEMAINE" VALUES(121,61,2,83,19);
INSERT INTO "FAIT_PATIENTS_SEMAINE" VALUES(122,61,1,28,3);
INSERT INTO "FAIT_PATIENTS_SEMAINE" VALUES(123,62,2,113,34);
INSERT INTO "FAIT_PATIENTS_SEMAINE" VALUES(124,62,1,28,2);
INSERT INTO "FAIT_PATIENTS_SEMAINE" VALUES(125,63,2,80,21);
INSERT INTO "FAIT_PATIENTS_SEMAINE" VALUES(126,63,1,26,1);
INSERT INTO "FAIT_PATIENTS_SEMAINE" VALUES(127,64,2,112,21);
INSERT INTO "FAIT_PATIENTS_SEMAINE" VALUES(128,64,1,27,1);
INSERT INTO "FAIT_PATIENTS_SEMAINE" VALUES(129,65,2,79,14);
INSERT INTO "FAIT_PATIENTS_SEMAINE" VALUES(130,65,1,20,1);
INSERT INTO "FAIT_PATIENTS_SEMAINE" VALUES(131,66,2,77,19);
INSERT INTO "FAIT_PATIENTS_SEMAINE" VALUES(132,66,1,21,4);
INSERT INTO "FAIT_PATIENTS_SEMAINE" VALUES(133,67,2,75,8);
INSERT INTO "FAIT_PATIENTS_SEMAINE" VALUES(134,67,1,10,0);
INSERT INTO "FAIT_PATIENTS_SEMAINE" VALUES(135,68,2,131,21);
INSERT INTO "FAIT_PATIENTS_SEMAINE" VALUES(136,68,1,21,1);
INSERT INTO "FAIT_PATIENTS_SEMAINE" VALUES(137,69,2,103,23);
INSERT INTO "FAIT_PATIENTS_SEMAINE" VALUES(138,69,1,28,4);
INSERT INTO "FAIT_PATIENTS_SEMAINE" VALUES(139,70,2,27,10);
INSERT INTO "FAIT_PATIENTS_SEMAINE" VALUES(140,70,1,5,1);
INSERT INTO "FAIT_PATIENTS_SEMAINE" VALUES(141,71,2,72,9);
INSERT INTO "FAIT_PATIENTS_SEMAINE" VALUES(142,71,1,17,3);
INSERT INTO "FAIT_PATIENTS_SEMAINE" VALUES(143,72,2,61,6);
INSERT INTO "FAIT_PATIENTS_SEMAINE" VALUES(144,72,1,18,5);
INSERT INTO "FAIT_PATIENTS_SEMAINE" VALUES(145,73,2,69,14);
INSERT INTO "FAIT_PATIENTS_SEMAINE" VALUES(146,73,1,19,1);
INSERT INTO "FAIT_PATIENTS_SEMAINE" VALUES(147,74,2,115,14);
INSERT INTO "FAIT_PATIENTS_SEMAINE" VALUES(148,74,1,16,1);
INSERT INTO "FAIT_PATIENTS_SEMAINE" VALUES(149,75,2,98,7);
INSERT INTO "FAIT_PATIENTS_SEMAINE" VALUES(150,75,1,12,1);
INSERT INTO "FAIT_PATIENTS_SEMAINE" VALUES(151,76,2,94,25);
INSERT INTO "FAIT_PATIENTS_SEMAINE" VALUES(152,76,1,16,1);
INSERT INTO "FAIT_PATIENTS_SEMAINE" VALUES(153,77,2,73,6);
INSERT INTO "FAIT_PATIENTS_SEMAINE" VALUES(154,77,1,16,1);
INSERT INTO "FAIT_PATIENTS_SEMAINE" VALUES(155,78,2,106,0);
INSERT INTO "FAIT_PATIENTS_SEMAINE" VALUES(156,78,1,24,0);
INSERT INTO "FAIT_PATIENTS_SEMAINE" VALUES(157,79,2,41,0);
INSERT INTO "FAIT_PATIENTS_SEMAINE" VALUES(158,79,1,11,0);
INSERT INTO "FAIT_PATIENTS_SEMAINE" VALUES(159,80,2,43,0);
INSERT INTO "FAIT_PATIENTS_SEMAINE" VALUES(160,80,1,10,0);
INSERT INTO "FAIT_PATIENTS_SEMAINE" VALUES(161,81,2,67,9);
INSERT INTO "FAIT_PATIENTS_SEMAINE" VALUES(162,81,1,16,3);
INSERT INTO "FAIT_PATIENTS_SEMAINE" VALUES(163,82,2,57,9);
INSERT INTO "FAIT_PATIENTS_SEMAINE" VALUES(164,82,1,24,1);
INSERT INTO "FAIT_PATIENTS_SEMAINE" VALUES(165,83,2,94,16);
INSERT INTO "FAIT_PATIENTS_SEMAINE" VALUES(166,83,1,28,2);
INSERT INTO "FAIT_PATIENTS_SEMAINE" VALUES(167,84,2,97,20);
INSERT INTO "FAIT_PATIENTS_SEMAINE" VALUES(168,84,1,21,5);
INSERT INTO "FAIT_PATIENTS_SEMAINE" VALUES(169,85,2,0,0);
INSERT INTO "FAIT_PATIENTS_SEMAINE" VALUES(170,85,1,0,0);
INSERT INTO "FAIT_PATIENTS_SEMAINE" VALUES(171,86,2,0,0);
INSERT INTO "FAIT_PATIENTS_SEMAINE" VALUES(172,86,1,0,0);
INSERT INTO "FAIT_PATIENTS_SEMAINE" VALUES(173,87,2,0,0);
INSERT INTO "FAIT_PATIENTS_SEMAINE" VALUES(174,87,1,0,0);
INSERT INTO "FAIT_PATIENTS_SEMAINE" VALUES(175,88,2,95,36);
INSERT INTO "FAIT_PATIENTS_SEMAINE" VALUES(176,88,1,29,4);
INSERT INTO "FAIT_PATIENTS_SEMAINE" VALUES(177,89,2,87,12);
INSERT INTO "FAIT_PATIENTS_SEMAINE" VALUES(178,89,1,15,0);
INSERT INTO "FAIT_PATIENTS_SEMAINE" VALUES(179,90,2,99,11);
INSERT INTO "FAIT_PATIENTS_SEMAINE" VALUES(180,90,1,27,0);
INSERT INTO "FAIT_PATIENTS_SEMAINE" VALUES(181,91,2,87,19);
INSERT INTO "FAIT_PATIENTS_SEMAINE" VALUES(182,91,1,27,0);
INSERT INTO "FAIT_PATIENTS_SEMAINE" VALUES(183,92,2,48,9);
INSERT INTO "FAIT_PATIENTS_SEMAINE" VALUES(184,92,1,14,0);
INSERT INTO "FAIT_PATIENTS_SEMAINE" VALUES(185,93,2,80,19);
INSERT INTO "FAIT_PATIENTS_SEMAINE" VALUES(186,93,1,29,0);
INSERT INTO "FAIT_PATIENTS_SEMAINE" VALUES(187,94,2,108,15);
INSERT INTO "FAIT_PATIENTS_SEMAINE" VALUES(188,94,1,27,0);
INSERT INTO "FAIT_PATIENTS_SEMAINE" VALUES(189,95,2,116,10);
INSERT INTO "FAIT_PATIENTS_SEMAINE" VALUES(190,95,1,37,0);
INSERT INTO "FAIT_PATIENTS_SEMAINE" VALUES(191,96,2,0,0);
INSERT INTO "FAIT_PATIENTS_SEMAINE" VALUES(192,96,1,0,0);
INSERT INTO "FAIT_PATIENTS_SEMAINE" VALUES(193,97,2,92,25);
INSERT INTO "FAIT_PATIENTS_SEMAINE" VALUES(194,97,1,25,0);
INSERT INTO "FAIT_PATIENTS_SEMAINE" VALUES(195,98,2,97,0);
INSERT INTO "FAIT_PATIENTS_SEMAINE" VALUES(196,98,1,32,0);
INSERT INTO "FAIT_PATIENTS_SEMAINE" VALUES(197,99,2,92,9);
INSERT INTO "FAIT_PATIENTS_SEMAINE" VALUES(198,99,1,25,0);
INSERT INTO "FAIT_PATIENTS_SEMAINE" VALUES(199,100,2,104,12);
INSERT INTO "FAIT_PATIENTS_SEMAINE" VALUES(200,100,1,28,0);
INSERT INTO "FAIT_PATIENTS_SEMAINE" VALUES(201,101,2,83,20);
INSERT INTO "FAIT_PATIENTS_SEMAINE" VALUES(202,101,1,23,0);
INSERT INTO "FAIT_PATIENTS_SEMAINE" VALUES(203,102,2,111,15);
INSERT INTO "FAIT_PATIENTS_SEMAINE" VALUES(204,102,1,28,0);
INSERT INTO "FAIT_PATIENTS_SEMAINE" VALUES(205,103,2,95,13);
INSERT INTO "FAIT_PATIENTS_SEMAINE" VALUES(206,103,1,16,0);
INSERT INTO "FAIT_PATIENTS_SEMAINE" VALUES(207,104,2,0,0);
INSERT INTO "FAIT_PATIENTS_SEMAINE" VALUES(208,104,1,0,0);
INSERT INTO "FAIT_PATIENTS_SEMAINE" VALUES(209,105,2,0,0);
INSERT INTO "FAIT_PATIENTS_SEMAINE" VALUES(210,105,1,0,0);
INSERT INTO "FAIT_PATIENTS_SEMAINE" VALUES(211,106,2,81,18);
INSERT INTO "FAIT_PATIENTS_SEMAINE" VALUES(212,106,1,12,0);
INSERT INTO "FAIT_PATIENTS_SEMAINE" VALUES(213,107,2,108,29);
INSERT INTO "FAIT_PATIENTS_SEMAINE" VALUES(214,107,1,16,1);
INSERT INTO "FAIT_PATIENTS_SEMAINE" VALUES(215,108,2,118,29);
INSERT INTO "FAIT_PATIENTS_SEMAINE" VALUES(216,108,1,22,0);
INSERT INTO "FAIT_PATIENTS_SEMAINE" VALUES(217,109,2,83,18);
INSERT INTO "FAIT_PATIENTS_SEMAINE" VALUES(218,109,1,20,1);
INSERT INTO "FAIT_PATIENTS_SEMAINE" VALUES(219,110,2,113,20);
INSERT INTO "FAIT_PATIENTS_SEMAINE" VALUES(220,110,1,30,0);
INSERT INTO "FAIT_PATIENTS_SEMAINE" VALUES(221,111,2,92,14);
INSERT INTO "FAIT_PATIENTS_SEMAINE" VALUES(222,111,1,27,0);
INSERT INTO "FAIT_PATIENTS_SEMAINE" VALUES(223,112,2,123,18);
INSERT INTO "FAIT_PATIENTS_SEMAINE" VALUES(224,112,1,28,3);
INSERT INTO "FAIT_PATIENTS_SEMAINE" VALUES(225,113,2,-406,4);
INSERT INTO "FAIT_PATIENTS_SEMAINE" VALUES(226,113,1,430,1);
INSERT INTO "FAIT_PATIENTS_SEMAINE" VALUES(227,114,0,98,0);
INSERT INTO "FAIT_PATIENTS_SEMAINE" VALUES(228,114,0,98,0);
INSERT INTO "FAIT_PATIENTS_SEMAINE" VALUES(229,115,0,0,0);
INSERT INTO "FAIT_PATIENTS_SEMAINE" VALUES(230,115,0,0,0);
INSERT INTO "FAIT_PATIENTS_SEMAINE" VALUES(231,116,0,89,0);
INSERT INTO "FAIT_PATIENTS_SEMAINE" VALUES(232,116,0,89,0);
INSERT INTO "FAIT_PATIENTS_SEMAINE" VALUES(233,117,0,8,0);
INSERT INTO "FAIT_PATIENTS_SEMAINE" VALUES(234,117,0,8,0);
INSERT INTO "FAIT_PATIENTS_SEMAINE" VALUES(235,118,2,120,21);
INSERT INTO "FAIT_PATIENTS_SEMAINE" VALUES(236,118,1,23,8);
INSERT INTO "FAIT_PATIENTS_SEMAINE" VALUES(237,119,2,91,24);
INSERT INTO "FAIT_PATIENTS_SEMAINE" VALUES(238,119,1,24,4);
INSERT INTO "FAIT_PATIENTS_SEMAINE" VALUES(239,120,2,110,20);
INSERT INTO "FAIT_PATIENTS_SEMAINE" VALUES(240,120,1,34,5);
INSERT INTO "FAIT_PATIENTS_SEMAINE" VALUES(241,121,2,91,13);
INSERT INTO "FAIT_PATIENTS_SEMAINE" VALUES(242,121,1,25,1);
INSERT INTO "FAIT_PATIENTS_SEMAINE" VALUES(243,122,2,94,18);
INSERT INTO "FAIT_PATIENTS_SEMAINE" VALUES(244,122,1,18,4);
INSERT INTO "FAIT_PATIENTS_SEMAINE" VALUES(245,123,2,78,16);
INSERT INTO "FAIT_PATIENTS_SEMAINE" VALUES(246,123,1,8,0);
INSERT INTO "FAIT_PATIENTS_SEMAINE" VALUES(247,124,2,114,23);
INSERT INTO "FAIT_PATIENTS_SEMAINE" VALUES(248,124,1,27,1);
INSERT INTO "FAIT_PATIENTS_SEMAINE" VALUES(249,125,2,94,18);
INSERT INTO "FAIT_PATIENTS_SEMAINE" VALUES(250,125,1,29,3);
INSERT INTO "FAIT_PATIENTS_SEMAINE" VALUES(251,126,2,70,0);
INSERT INTO "FAIT_PATIENTS_SEMAINE" VALUES(252,126,1,21,0);
INSERT INTO "FAIT_PATIENTS_SEMAINE" VALUES(253,127,2,0,0);
INSERT INTO "FAIT_PATIENTS_SEMAINE" VALUES(254,127,1,0,0);
INSERT INTO "FAIT_PATIENTS_SEMAINE" VALUES(255,128,2,106,18);
INSERT INTO "FAIT_PATIENTS_SEMAINE" VALUES(256,128,1,19,5);
INSERT INTO "FAIT_PATIENTS_SEMAINE" VALUES(257,129,2,107,17);
INSERT INTO "FAIT_PATIENTS_SEMAINE" VALUES(258,129,1,19,1);
INSERT INTO "FAIT_PATIENTS_SEMAINE" VALUES(259,130,2,48,9);
INSERT INTO "FAIT_PATIENTS_SEMAINE" VALUES(260,130,1,14,0);
INSERT INTO "FAIT_PATIENTS_SEMAINE" VALUES(261,131,2,100,22);
INSERT INTO "FAIT_PATIENTS_SEMAINE" VALUES(262,131,1,15,1);
INSERT INTO "FAIT_PATIENTS_SEMAINE" VALUES(263,132,2,110,13);
INSERT INTO "FAIT_PATIENTS_SEMAINE" VALUES(264,132,1,23,2);
INSERT INTO "FAIT_PATIENTS_SEMAINE" VALUES(265,133,2,93,10);
INSERT INTO "FAIT_PATIENTS_SEMAINE" VALUES(266,133,1,21,0);
INSERT INTO "FAIT_PATIENTS_SEMAINE" VALUES(267,134,2,94,22);
INSERT INTO "FAIT_PATIENTS_SEMAINE" VALUES(268,134,1,18,1);
INSERT INTO "FAIT_PATIENTS_SEMAINE" VALUES(269,135,2,91,14);
INSERT INTO "FAIT_PATIENTS_SEMAINE" VALUES(270,135,1,16,4);
INSERT INTO "FAIT_PATIENTS_SEMAINE" VALUES(271,136,0,0,0);
INSERT INTO "FAIT_PATIENTS_SEMAINE" VALUES(272,136,0,0,0);
INSERT INTO "FAIT_PATIENTS_SEMAINE" VALUES(273,137,0,0,0);
INSERT INTO "FAIT_PATIENTS_SEMAINE" VALUES(274,137,0,0,0);
INSERT INTO "FAIT_PATIENTS_SEMAINE" VALUES(275,138,0,0,0);
INSERT INTO "FAIT_PATIENTS_SEMAINE" VALUES(276,138,0,0,0);
INSERT INTO "FAIT_PATIENTS_SEMAINE" VALUES(277,139,0,127,0);
INSERT INTO "FAIT_PATIENTS_SEMAINE" VALUES(278,139,0,127,0);
INSERT INTO "FAIT_PATIENTS_SEMAINE" VALUES(279,140,2,124,23);
INSERT INTO "FAIT_PATIENTS_SEMAINE" VALUES(280,140,1,19,1);
INSERT INTO "FAIT_PATIENTS_SEMAINE" VALUES(281,141,2,97,20);
INSERT INTO "FAIT_PATIENTS_SEMAINE" VALUES(282,141,1,21,0);
INSERT INTO "FAIT_PATIENTS_SEMAINE" VALUES(283,142,2,101,16);
INSERT INTO "FAIT_PATIENTS_SEMAINE" VALUES(284,142,1,23,0);
INSERT INTO "FAIT_PATIENTS_SEMAINE" VALUES(285,143,2,81,17);
INSERT INTO "FAIT_PATIENTS_SEMAINE" VALUES(286,143,1,31,2);
INSERT INTO "FAIT_PATIENTS_SEMAINE" VALUES(287,144,2,94,16);
INSERT INTO "FAIT_PATIENTS_SEMAINE" VALUES(288,144,1,18,2);
INSERT INTO "FAIT_PATIENTS_SEMAINE" VALUES(289,145,2,77,24);
INSERT INTO "FAIT_PATIENTS_SEMAINE" VALUES(290,145,1,21,0);
INSERT INTO "FAIT_PATIENTS_SEMAINE" VALUES(291,146,2,80,19);
INSERT INTO "FAIT_PATIENTS_SEMAINE" VALUES(292,146,1,22,4);
INSERT INTO "FAIT_PATIENTS_SEMAINE" VALUES(293,147,2,64,15);
INSERT INTO "FAIT_PATIENTS_SEMAINE" VALUES(294,147,1,25,3);
INSERT INTO "FAIT_PATIENTS_SEMAINE" VALUES(295,148,2,59,15);
INSERT INTO "FAIT_PATIENTS_SEMAINE" VALUES(296,148,1,25,0);
INSERT INTO "FAIT_PATIENTS_SEMAINE" VALUES(297,149,2,86,16);
INSERT INTO "FAIT_PATIENTS_SEMAINE" VALUES(298,149,1,25,2);
INSERT INTO "FAIT_PATIENTS_SEMAINE" VALUES(299,150,2,74,0);
INSERT INTO "FAIT_PATIENTS_SEMAINE" VALUES(300,150,1,21,0);
INSERT INTO "FAIT_PATIENTS_SEMAINE" VALUES(301,151,2,101,26);
INSERT INTO "FAIT_PATIENTS_SEMAINE" VALUES(302,151,1,25,3);
INSERT INTO "FAIT_PATIENTS_SEMAINE" VALUES(303,152,2,68,10);
INSERT INTO "FAIT_PATIENTS_SEMAINE" VALUES(304,152,1,18,2);
INSERT INTO "FAIT_PATIENTS_SEMAINE" VALUES(305,153,2,0,0);
INSERT INTO "FAIT_PATIENTS_SEMAINE" VALUES(306,153,1,0,0);
INSERT INTO "FAIT_PATIENTS_SEMAINE" VALUES(307,154,2,106,28);
INSERT INTO "FAIT_PATIENTS_SEMAINE" VALUES(308,154,1,22,1);
INSERT INTO "FAIT_PATIENTS_SEMAINE" VALUES(309,155,2,95,16);
INSERT INTO "FAIT_PATIENTS_SEMAINE" VALUES(310,155,1,21,2);
INSERT INTO "FAIT_PATIENTS_SEMAINE" VALUES(311,156,2,49,4);
INSERT INTO "FAIT_PATIENTS_SEMAINE" VALUES(312,156,1,7,0);
INSERT INTO "FAIT_PATIENTS_SEMAINE" VALUES(313,157,2,45,9);
INSERT INTO "FAIT_PATIENTS_SEMAINE" VALUES(314,157,1,11,2);
INSERT INTO "FAIT_PATIENTS_SEMAINE" VALUES(315,158,2,117,40);
INSERT INTO "FAIT_PATIENTS_SEMAINE" VALUES(316,158,1,18,3);
INSERT INTO "FAIT_PATIENTS_SEMAINE" VALUES(317,159,2,48,8);
INSERT INTO "FAIT_PATIENTS_SEMAINE" VALUES(318,159,1,16,0);
INSERT INTO "FAIT_PATIENTS_SEMAINE" VALUES(319,160,2,101,23);
INSERT INTO "FAIT_PATIENTS_SEMAINE" VALUES(320,160,1,30,6);
INSERT INTO "FAIT_PATIENTS_SEMAINE" VALUES(321,161,2,88,23);
INSERT INTO "FAIT_PATIENTS_SEMAINE" VALUES(322,161,1,20,4);
INSERT INTO "FAIT_PATIENTS_SEMAINE" VALUES(323,162,2,110,32);
INSERT INTO "FAIT_PATIENTS_SEMAINE" VALUES(324,162,1,25,1);
INSERT INTO "FAIT_PATIENTS_SEMAINE" VALUES(325,163,2,87,15);
INSERT INTO "FAIT_PATIENTS_SEMAINE" VALUES(326,163,1,24,7);
INSERT INTO "FAIT_PATIENTS_SEMAINE" VALUES(327,164,2,113,24);
INSERT INTO "FAIT_PATIENTS_SEMAINE" VALUES(328,164,1,14,1);
INSERT INTO "FAIT_PATIENTS_SEMAINE" VALUES(329,165,2,105,18);
INSERT INTO "FAIT_PATIENTS_SEMAINE" VALUES(330,165,1,29,3);
INSERT INTO "FAIT_PATIENTS_SEMAINE" VALUES(331,166,2,110,23);
INSERT INTO "FAIT_PATIENTS_SEMAINE" VALUES(332,166,1,29,3);
INSERT INTO "FAIT_PATIENTS_SEMAINE" VALUES(333,167,2,88,16);
INSERT INTO "FAIT_PATIENTS_SEMAINE" VALUES(334,167,1,21,5);
INSERT INTO "FAIT_PATIENTS_SEMAINE" VALUES(335,168,2,18,4);
INSERT INTO "FAIT_PATIENTS_SEMAINE" VALUES(336,168,1,2,0);
INSERT INTO "FAIT_PATIENTS_SEMAINE" VALUES(337,169,2,8,0);
INSERT INTO "FAIT_PATIENTS_SEMAINE" VALUES(338,169,1,2,0);
INSERT INTO "FAIT_PATIENTS_SEMAINE" VALUES(339,170,2,0,0);
INSERT INTO "FAIT_PATIENTS_SEMAINE" VALUES(340,170,1,0,0);
INSERT INTO "FAIT_PATIENTS_SEMAINE" VALUES(341,171,2,20,0);
INSERT INTO "FAIT_PATIENTS_SEMAINE" VALUES(342,171,1,0,0);
INSERT INTO "FAIT_PATIENTS_SEMAINE" VALUES(343,172,2,41,2);
INSERT INTO "FAIT_PATIENTS_SEMAINE" VALUES(344,172,1,5,0);
INSERT INTO "FAIT_PATIENTS_SEMAINE" VALUES(345,173,2,40,4);
INSERT INTO "FAIT_PATIENTS_SEMAINE" VALUES(346,173,1,8,0);
INSERT INTO "FAIT_PATIENTS_SEMAINE" VALUES(347,174,2,45,9);
INSERT INTO "FAIT_PATIENTS_SEMAINE" VALUES(348,174,1,10,0);
INSERT INTO "FAIT_PATIENTS_SEMAINE" VALUES(349,175,2,55,8);
INSERT INTO "FAIT_PATIENTS_SEMAINE" VALUES(350,175,1,9,1);
INSERT INTO "FAIT_PATIENTS_SEMAINE" VALUES(351,176,2,109,22);
INSERT INTO "FAIT_PATIENTS_SEMAINE" VALUES(352,176,1,12,1);
INSERT INTO "FAIT_PATIENTS_SEMAINE" VALUES(353,177,2,81,16);
INSERT INTO "FAIT_PATIENTS_SEMAINE" VALUES(354,177,1,15,1);
INSERT INTO "FAIT_PATIENTS_SEMAINE" VALUES(355,178,2,118,23);
INSERT INTO "FAIT_PATIENTS_SEMAINE" VALUES(356,178,1,27,4);
INSERT INTO "FAIT_PATIENTS_SEMAINE" VALUES(357,179,2,75,14);
INSERT INTO "FAIT_PATIENTS_SEMAINE" VALUES(358,179,1,20,2);
INSERT INTO "FAIT_PATIENTS_SEMAINE" VALUES(359,180,2,99,20);
INSERT INTO "FAIT_PATIENTS_SEMAINE" VALUES(360,180,1,25,4);
INSERT INTO "FAIT_PATIENTS_SEMAINE" VALUES(361,181,2,98,19);
INSERT INTO "FAIT_PATIENTS_SEMAINE" VALUES(362,181,1,19,3);
INSERT INTO "FAIT_PATIENTS_SEMAINE" VALUES(363,182,2,109,0);
INSERT INTO "FAIT_PATIENTS_SEMAINE" VALUES(364,182,1,27,0);
INSERT INTO "FAIT_PATIENTS_SEMAINE" VALUES(365,183,2,104,16);
INSERT INTO "FAIT_PATIENTS_SEMAINE" VALUES(366,183,1,17,3);
INSERT INTO "FAIT_PATIENTS_SEMAINE" VALUES(367,184,2,103,24);
INSERT INTO "FAIT_PATIENTS_SEMAINE" VALUES(368,184,1,26,3);
INSERT INTO "FAIT_PATIENTS_SEMAINE" VALUES(369,185,2,53,12);
INSERT INTO "FAIT_PATIENTS_SEMAINE" VALUES(370,185,1,16,3);
INSERT INTO "FAIT_PATIENTS_SEMAINE" VALUES(371,186,2,113,16);
INSERT INTO "FAIT_PATIENTS_SEMAINE" VALUES(372,186,1,13,2);
INSERT INTO "FAIT_PATIENTS_SEMAINE" VALUES(373,187,2,106,21);
INSERT INTO "FAIT_PATIENTS_SEMAINE" VALUES(374,187,1,22,3);
INSERT INTO "FAIT_PATIENTS_SEMAINE" VALUES(375,188,2,89,20);
INSERT INTO "FAIT_PATIENTS_SEMAINE" VALUES(376,188,1,17,3);
INSERT INTO "FAIT_PATIENTS_SEMAINE" VALUES(377,189,2,0,0);
INSERT INTO "FAIT_PATIENTS_SEMAINE" VALUES(378,189,1,0,0);
INSERT INTO "FAIT_PATIENTS_SEMAINE" VALUES(379,190,2,0,0);
INSERT INTO "FAIT_PATIENTS_SEMAINE" VALUES(380,190,1,0,0);
INSERT INTO "FAIT_PATIENTS_SEMAINE" VALUES(381,191,2,91,0);
INSERT INTO "FAIT_PATIENTS_SEMAINE" VALUES(382,191,1,21,0);
INSERT INTO "FAIT_PATIENTS_SEMAINE" VALUES(383,192,2,86,37);
INSERT INTO "FAIT_PATIENTS_SEMAINE" VALUES(384,192,1,16,3);
INSERT INTO "FAIT_PATIENTS_SEMAINE" VALUES(385,193,2,81,15);
INSERT INTO "FAIT_PATIENTS_SEMAINE" VALUES(386,193,1,15,2);
INSERT INTO "FAIT_PATIENTS_SEMAINE" VALUES(387,194,2,75,16);
INSERT INTO "FAIT_PATIENTS_SEMAINE" VALUES(388,194,1,9,1);
INSERT INTO "FAIT_PATIENTS_SEMAINE" VALUES(389,195,2,85,20);
INSERT INTO "FAIT_PATIENTS_SEMAINE" VALUES(390,195,1,20,2);
INSERT INTO "FAIT_PATIENTS_SEMAINE" VALUES(391,196,2,71,24);
INSERT INTO "FAIT_PATIENTS_SEMAINE" VALUES(392,196,1,15,3);
INSERT INTO "FAIT_PATIENTS_SEMAINE" VALUES(393,197,2,72,18);
INSERT INTO "FAIT_PATIENTS_SEMAINE" VALUES(394,197,1,16,2);
INSERT INTO "FAIT_PATIENTS_SEMAINE" VALUES(395,198,2,88,19);
INSERT INTO "FAIT_PATIENTS_SEMAINE" VALUES(396,198,1,9,6);
INSERT INTO "FAIT_PATIENTS_SEMAINE" VALUES(397,199,2,44,6);
INSERT INTO "FAIT_PATIENTS_SEMAINE" VALUES(398,199,1,10,1);
INSERT INTO "FAIT_PATIENTS_SEMAINE" VALUES(399,200,2,101,17);
INSERT INTO "FAIT_PATIENTS_SEMAINE" VALUES(400,200,1,17,4);
INSERT INTO "FAIT_PATIENTS_SEMAINE" VALUES(401,201,2,48,10);
INSERT INTO "FAIT_PATIENTS_SEMAINE" VALUES(402,201,1,16,2);
INSERT INTO "FAIT_PATIENTS_SEMAINE" VALUES(403,202,2,73,24);
INSERT INTO "FAIT_PATIENTS_SEMAINE" VALUES(404,202,1,21,6);
INSERT INTO "FAIT_PATIENTS_SEMAINE" VALUES(405,203,2,82,14);
INSERT INTO "FAIT_PATIENTS_SEMAINE" VALUES(406,203,1,21,7);
INSERT INTO "FAIT_PATIENTS_SEMAINE" VALUES(407,204,2,83,20);
INSERT INTO "FAIT_PATIENTS_SEMAINE" VALUES(408,204,1,23,6);
INSERT INTO "FAIT_PATIENTS_SEMAINE" VALUES(409,205,2,55,19);
INSERT INTO "FAIT_PATIENTS_SEMAINE" VALUES(410,205,1,20,2);
INSERT INTO "FAIT_PATIENTS_SEMAINE" VALUES(411,206,2,88,10);
INSERT INTO "FAIT_PATIENTS_SEMAINE" VALUES(412,206,1,14,4);
INSERT INTO "FAIT_PATIENTS_SEMAINE" VALUES(413,207,2,75,0);
INSERT INTO "FAIT_PATIENTS_SEMAINE" VALUES(414,207,1,14,0);
INSERT INTO "FAIT_PATIENTS_SEMAINE" VALUES(415,208,2,22,20);
INSERT INTO "FAIT_PATIENTS_SEMAINE" VALUES(416,208,1,9,3);
INSERT INTO "FAIT_PATIENTS_SEMAINE" VALUES(417,209,2,0,4);
INSERT INTO "FAIT_PATIENTS_SEMAINE" VALUES(418,209,1,0,1);
INSERT INTO "FAIT_PATIENTS_SEMAINE" VALUES(419,210,2,100,27);
INSERT INTO "FAIT_PATIENTS_SEMAINE" VALUES(420,210,1,16,10);
INSERT INTO "FAIT_PATIENTS_SEMAINE" VALUES(421,211,2,79,21);
INSERT INTO "FAIT_PATIENTS_SEMAINE" VALUES(422,211,1,25,6);
INSERT INTO "FAIT_PATIENTS_SEMAINE" VALUES(423,212,2,75,0);
INSERT INTO "FAIT_PATIENTS_SEMAINE" VALUES(424,212,1,24,0);
INSERT INTO "FAIT_PATIENTS_SEMAINE" VALUES(425,213,2,83,0);
INSERT INTO "FAIT_PATIENTS_SEMAINE" VALUES(426,213,1,24,0);
INSERT INTO "FAIT_PATIENTS_SEMAINE" VALUES(427,214,2,87,22);
INSERT INTO "FAIT_PATIENTS_SEMAINE" VALUES(428,214,1,27,6);
INSERT INTO "FAIT_PATIENTS_SEMAINE" VALUES(429,215,2,110,20);
INSERT INTO "FAIT_PATIENTS_SEMAINE" VALUES(430,215,1,19,3);
INSERT INTO "FAIT_PATIENTS_SEMAINE" VALUES(431,216,2,94,15);
INSERT INTO "FAIT_PATIENTS_SEMAINE" VALUES(432,216,1,25,7);
INSERT INTO "FAIT_PATIENTS_SEMAINE" VALUES(433,217,2,66,10);
INSERT INTO "FAIT_PATIENTS_SEMAINE" VALUES(434,217,1,33,10);
INSERT INTO "FAIT_PATIENTS_SEMAINE" VALUES(435,218,2,78,13);
INSERT INTO "FAIT_PATIENTS_SEMAINE" VALUES(436,218,1,28,11);
INSERT INTO "FAIT_PATIENTS_SEMAINE" VALUES(437,219,2,69,12);
INSERT INTO "FAIT_PATIENTS_SEMAINE" VALUES(438,219,1,26,13);
INSERT INTO "FAIT_PATIENTS_SEMAINE" VALUES(439,220,2,73,7);
INSERT INTO "FAIT_PATIENTS_SEMAINE" VALUES(440,220,1,30,14);
INSERT INTO "FAIT_PATIENTS_SEMAINE" VALUES(441,221,2,71,11);
INSERT INTO "FAIT_PATIENTS_SEMAINE" VALUES(442,221,1,26,10);
INSERT INTO "FAIT_PATIENTS_SEMAINE" VALUES(443,222,2,95,0);
INSERT INTO "FAIT_PATIENTS_SEMAINE" VALUES(444,222,1,18,0);
INSERT INTO "FAIT_PATIENTS_SEMAINE" VALUES(445,223,2,55,7);
INSERT INTO "FAIT_PATIENTS_SEMAINE" VALUES(446,223,1,22,9);
INSERT INTO "FAIT_PATIENTS_SEMAINE" VALUES(447,224,2,106,17);
INSERT INTO "FAIT_PATIENTS_SEMAINE" VALUES(448,224,1,33,15);
INSERT INTO "FAIT_PATIENTS_SEMAINE" VALUES(449,225,2,108,18);
INSERT INTO "FAIT_PATIENTS_SEMAINE" VALUES(450,225,1,27,3);
INSERT INTO "FAIT_PATIENTS_SEMAINE" VALUES(451,226,2,-10,11);
INSERT INTO "FAIT_PATIENTS_SEMAINE" VALUES(452,226,1,128,4);
INSERT INTO "FAIT_PATIENTS_SEMAINE" VALUES(453,227,2,76,17);
INSERT INTO "FAIT_PATIENTS_SEMAINE" VALUES(454,227,1,23,6);
INSERT INTO "FAIT_PATIENTS_SEMAINE" VALUES(455,228,2,55,10);
INSERT INTO "FAIT_PATIENTS_SEMAINE" VALUES(456,228,1,16,2);
INSERT INTO "FAIT_PATIENTS_SEMAINE" VALUES(457,229,2,80,26);
INSERT INTO "FAIT_PATIENTS_SEMAINE" VALUES(458,229,1,25,4);
INSERT INTO "FAIT_PATIENTS_SEMAINE" VALUES(459,230,2,69,22);
INSERT INTO "FAIT_PATIENTS_SEMAINE" VALUES(460,230,1,23,2);
INSERT INTO "FAIT_PATIENTS_SEMAINE" VALUES(461,231,2,59,12);
INSERT INTO "FAIT_PATIENTS_SEMAINE" VALUES(462,231,1,32,6);
INSERT INTO "FAIT_PATIENTS_SEMAINE" VALUES(463,232,2,98,23);
INSERT INTO "FAIT_PATIENTS_SEMAINE" VALUES(464,232,1,26,7);
INSERT INTO "FAIT_PATIENTS_SEMAINE" VALUES(465,233,2,82,18);
INSERT INTO "FAIT_PATIENTS_SEMAINE" VALUES(466,233,1,24,1);
INSERT INTO "FAIT_PATIENTS_SEMAINE" VALUES(467,234,2,89,13);
INSERT INTO "FAIT_PATIENTS_SEMAINE" VALUES(468,234,1,19,3);
INSERT INTO "FAIT_PATIENTS_SEMAINE" VALUES(469,235,2,75,28);
INSERT INTO "FAIT_PATIENTS_SEMAINE" VALUES(470,235,1,23,6);
INSERT INTO "FAIT_PATIENTS_SEMAINE" VALUES(471,236,2,86,26);
INSERT INTO "FAIT_PATIENTS_SEMAINE" VALUES(472,236,1,16,1);
INSERT INTO "FAIT_PATIENTS_SEMAINE" VALUES(473,237,2,68,15);
INSERT INTO "FAIT_PATIENTS_SEMAINE" VALUES(474,237,1,18,1);
INSERT INTO "FAIT_PATIENTS_SEMAINE" VALUES(475,238,2,73,23);
INSERT INTO "FAIT_PATIENTS_SEMAINE" VALUES(476,238,1,11,1);
INSERT INTO "FAIT_PATIENTS_SEMAINE" VALUES(477,239,2,37,6);
INSERT INTO "FAIT_PATIENTS_SEMAINE" VALUES(478,239,1,14,5);
INSERT INTO "FAIT_PATIENTS_SEMAINE" VALUES(479,240,2,91,19);
INSERT INTO "FAIT_PATIENTS_SEMAINE" VALUES(480,240,1,21,3);
INSERT INTO "FAIT_PATIENTS_SEMAINE" VALUES(481,241,2,0,0);
INSERT INTO "FAIT_PATIENTS_SEMAINE" VALUES(482,241,1,0,0);
INSERT INTO "FAIT_PATIENTS_SEMAINE" VALUES(483,242,2,0,0);
INSERT INTO "FAIT_PATIENTS_SEMAINE" VALUES(484,242,1,0,0);
INSERT INTO "FAIT_PATIENTS_SEMAINE" VALUES(485,243,2,93,14);
INSERT INTO "FAIT_PATIENTS_SEMAINE" VALUES(486,243,1,34,9);
INSERT INTO "FAIT_PATIENTS_SEMAINE" VALUES(487,244,2,95,17);
INSERT INTO "FAIT_PATIENTS_SEMAINE" VALUES(488,244,1,28,6);
INSERT INTO "FAIT_PATIENTS_SEMAINE" VALUES(489,245,2,47,8);
INSERT INTO "FAIT_PATIENTS_SEMAINE" VALUES(490,245,1,10,2);
INSERT INTO "FAIT_PATIENTS_SEMAINE" VALUES(491,246,2,82,32);
INSERT INTO "FAIT_PATIENTS_SEMAINE" VALUES(492,246,1,32,4);
INSERT INTO "FAIT_PATIENTS_SEMAINE" VALUES(493,247,2,73,22);
INSERT INTO "FAIT_PATIENTS_SEMAINE" VALUES(494,247,1,17,3);
INSERT INTO "FAIT_PATIENTS_SEMAINE" VALUES(495,248,2,76,17);
INSERT INTO "FAIT_PATIENTS_SEMAINE" VALUES(496,248,1,33,5);
INSERT INTO "FAIT_PATIENTS_SEMAINE" VALUES(497,249,2,73,22);
INSERT INTO "FAIT_PATIENTS_SEMAINE" VALUES(498,249,1,27,2);
INSERT INTO "FAIT_PATIENTS_SEMAINE" VALUES(499,250,2,101,32);
INSERT INTO "FAIT_PATIENTS_SEMAINE" VALUES(500,250,1,10,2);
INSERT INTO "FAIT_PATIENTS_SEMAINE" VALUES(501,251,2,69,15);
INSERT INTO "FAIT_PATIENTS_SEMAINE" VALUES(502,251,1,19,6);
INSERT INTO "FAIT_PATIENTS_SEMAINE" VALUES(503,252,2,80,20);
INSERT INTO "FAIT_PATIENTS_SEMAINE" VALUES(504,252,1,28,5);
INSERT INTO "FAIT_PATIENTS_SEMAINE" VALUES(505,253,2,76,22);
INSERT INTO "FAIT_PATIENTS_SEMAINE" VALUES(506,253,1,20,0);
INSERT INTO "FAIT_PATIENTS_SEMAINE" VALUES(507,254,2,44,7);
INSERT INTO "FAIT_PATIENTS_SEMAINE" VALUES(508,254,1,9,1);
INSERT INTO "FAIT_PATIENTS_SEMAINE" VALUES(509,255,2,81,16);
INSERT INTO "FAIT_PATIENTS_SEMAINE" VALUES(510,255,1,20,2);
INSERT INTO "FAIT_PATIENTS_SEMAINE" VALUES(511,256,2,79,25);
INSERT INTO "FAIT_PATIENTS_SEMAINE" VALUES(512,256,1,24,2);
INSERT INTO "FAIT_PATIENTS_SEMAINE" VALUES(513,257,2,86,17);
INSERT INTO "FAIT_PATIENTS_SEMAINE" VALUES(514,257,1,18,2);
INSERT INTO "FAIT_PATIENTS_SEMAINE" VALUES(515,258,2,66,19);
INSERT INTO "FAIT_PATIENTS_SEMAINE" VALUES(516,258,1,23,6);
INSERT INTO "FAIT_PATIENTS_SEMAINE" VALUES(517,259,2,64,17);
INSERT INTO "FAIT_PATIENTS_SEMAINE" VALUES(518,259,1,25,2);
INSERT INTO "FAIT_PATIENTS_SEMAINE" VALUES(519,260,2,0,0);
INSERT INTO "FAIT_PATIENTS_SEMAINE" VALUES(520,260,1,0,0);
INSERT INTO "FAIT_PATIENTS_SEMAINE" VALUES(521,261,2,0,0);
INSERT INTO "FAIT_PATIENTS_SEMAINE" VALUES(522,261,1,0,0);
INSERT INTO "FAIT_PATIENTS_SEMAINE" VALUES(523,262,2,43,17);
INSERT INTO "FAIT_PATIENTS_SEMAINE" VALUES(524,262,1,12,1);
INSERT INTO "FAIT_PATIENTS_SEMAINE" VALUES(525,263,2,80,25);
INSERT INTO "FAIT_PATIENTS_SEMAINE" VALUES(526,263,1,15,2);
INSERT INTO "FAIT_PATIENTS_SEMAINE" VALUES(527,264,2,88,31);
INSERT INTO "FAIT_PATIENTS_SEMAINE" VALUES(528,264,1,24,2);
INSERT INTO "FAIT_PATIENTS_SEMAINE" VALUES(529,265,2,96,31);
INSERT INTO "FAIT_PATIENTS_SEMAINE" VALUES(530,265,1,29,1);
INSERT INTO "FAIT_PATIENTS_SEMAINE" VALUES(531,266,2,72,0);
INSERT INTO "FAIT_PATIENTS_SEMAINE" VALUES(532,266,1,17,0);
INSERT INTO "FAIT_PATIENTS_SEMAINE" VALUES(533,267,2,87,17);
INSERT INTO "FAIT_PATIENTS_SEMAINE" VALUES(534,267,1,18,5);
INSERT INTO "FAIT_PATIENTS_SEMAINE" VALUES(535,268,2,95,23);
INSERT INTO "FAIT_PATIENTS_SEMAINE" VALUES(536,268,1,24,3);
INSERT INTO "FAIT_PATIENTS_SEMAINE" VALUES(537,269,2,56,16);
INSERT INTO "FAIT_PATIENTS_SEMAINE" VALUES(538,269,1,9,3);
INSERT INTO "FAIT_PATIENTS_SEMAINE" VALUES(539,270,2,84,34);
INSERT INTO "FAIT_PATIENTS_SEMAINE" VALUES(540,270,1,25,7);
INSERT INTO "FAIT_PATIENTS_SEMAINE" VALUES(541,271,2,50,9);
INSERT INTO "FAIT_PATIENTS_SEMAINE" VALUES(542,271,1,12,1);
INSERT INTO "FAIT_PATIENTS_SEMAINE" VALUES(543,272,2,57,20);
INSERT INTO "FAIT_PATIENTS_SEMAINE" VALUES(544,272,1,23,3);
INSERT INTO "FAIT_PATIENTS_SEMAINE" VALUES(545,273,2,63,18);
INSERT INTO "FAIT_PATIENTS_SEMAINE" VALUES(546,273,1,31,1);
INSERT INTO "FAIT_PATIENTS_SEMAINE" VALUES(547,274,2,48,18);
INSERT INTO "FAIT_PATIENTS_SEMAINE" VALUES(548,274,1,17,4);
INSERT INTO "FAIT_PATIENTS_SEMAINE" VALUES(549,275,2,80,14);
INSERT INTO "FAIT_PATIENTS_SEMAINE" VALUES(550,275,1,18,2);
INSERT INTO "FAIT_PATIENTS_SEMAINE" VALUES(551,276,2,103,31);
INSERT INTO "FAIT_PATIENTS_SEMAINE" VALUES(552,276,1,21,1);
INSERT INTO "FAIT_PATIENTS_SEMAINE" VALUES(553,277,2,82,11);
INSERT INTO "FAIT_PATIENTS_SEMAINE" VALUES(554,277,1,16,3);
INSERT INTO "FAIT_PATIENTS_SEMAINE" VALUES(555,278,2,101,15);
INSERT INTO "FAIT_PATIENTS_SEMAINE" VALUES(556,278,1,26,5);
INSERT INTO "FAIT_PATIENTS_SEMAINE" VALUES(557,279,2,68,15);
INSERT INTO "FAIT_PATIENTS_SEMAINE" VALUES(558,279,1,8,1);
INSERT INTO "FAIT_PATIENTS_SEMAINE" VALUES(559,280,2,97,19);
INSERT INTO "FAIT_PATIENTS_SEMAINE" VALUES(560,280,1,21,3);
INSERT INTO "FAIT_PATIENTS_SEMAINE" VALUES(561,281,2,68,10);
INSERT INTO "FAIT_PATIENTS_SEMAINE" VALUES(562,281,1,16,3);
INSERT INTO "FAIT_PATIENTS_SEMAINE" VALUES(563,282,2,45,11);
INSERT INTO "FAIT_PATIENTS_SEMAINE" VALUES(564,282,1,11,2);
INSERT INTO "FAIT_PATIENTS_SEMAINE" VALUES(565,283,2,0,12);
INSERT INTO "FAIT_PATIENTS_SEMAINE" VALUES(566,283,1,0,0);
INSERT INTO "FAIT_PATIENTS_SEMAINE" VALUES(567,284,2,52,0);
INSERT INTO "FAIT_PATIENTS_SEMAINE" VALUES(568,284,1,0,0);
INSERT INTO "FAIT_PATIENTS_SEMAINE" VALUES(569,285,2,229,20);
INSERT INTO "FAIT_PATIENTS_SEMAINE" VALUES(570,285,1,14,0);
INSERT INTO "FAIT_PATIENTS_SEMAINE" VALUES(571,286,2,80,18);
INSERT INTO "FAIT_PATIENTS_SEMAINE" VALUES(572,286,1,24,4);
INSERT INTO "FAIT_PATIENTS_SEMAINE" VALUES(573,287,2,-204,18);
INSERT INTO "FAIT_PATIENTS_SEMAINE" VALUES(574,287,1,220,3);
INSERT INTO "FAIT_PATIENTS_SEMAINE" VALUES(575,288,2,94,18);
INSERT INTO "FAIT_PATIENTS_SEMAINE" VALUES(576,288,1,16,3);
INSERT INTO "FAIT_PATIENTS_SEMAINE" VALUES(577,289,2,52,11);
INSERT INTO "FAIT_PATIENTS_SEMAINE" VALUES(578,289,1,13,2);
INSERT INTO "FAIT_PATIENTS_SEMAINE" VALUES(579,290,2,72,18);
INSERT INTO "FAIT_PATIENTS_SEMAINE" VALUES(580,290,1,25,2);
INSERT INTO "FAIT_PATIENTS_SEMAINE" VALUES(581,291,2,66,0);
INSERT INTO "FAIT_PATIENTS_SEMAINE" VALUES(582,291,1,19,0);
INSERT INTO "FAIT_PATIENTS_SEMAINE" VALUES(583,292,2,81,15);
INSERT INTO "FAIT_PATIENTS_SEMAINE" VALUES(584,292,1,23,10);
INSERT INTO "FAIT_PATIENTS_SEMAINE" VALUES(585,293,2,0,0);
INSERT INTO "FAIT_PATIENTS_SEMAINE" VALUES(586,293,1,0,0);
INSERT INTO "FAIT_PATIENTS_SEMAINE" VALUES(587,294,2,0,0);
INSERT INTO "FAIT_PATIENTS_SEMAINE" VALUES(588,294,1,0,0);
INSERT INTO "FAIT_PATIENTS_SEMAINE" VALUES(589,295,2,0,0);
INSERT INTO "FAIT_PATIENTS_SEMAINE" VALUES(590,295,1,0,0);
INSERT INTO "FAIT_PATIENTS_SEMAINE" VALUES(591,296,2,54,20);
INSERT INTO "FAIT_PATIENTS_SEMAINE" VALUES(592,296,1,33,4);
INSERT INTO "FAIT_PATIENTS_SEMAINE" VALUES(593,297,2,71,19);
INSERT INTO "FAIT_PATIENTS_SEMAINE" VALUES(594,297,1,22,2);
INSERT INTO "FAIT_PATIENTS_SEMAINE" VALUES(595,298,2,89,20);
INSERT INTO "FAIT_PATIENTS_SEMAINE" VALUES(596,298,1,22,2);
INSERT INTO "FAIT_PATIENTS_SEMAINE" VALUES(597,299,2,75,24);
INSERT INTO "FAIT_PATIENTS_SEMAINE" VALUES(598,299,1,21,2);
INSERT INTO "FAIT_PATIENTS_SEMAINE" VALUES(599,300,2,93,21);
INSERT INTO "FAIT_PATIENTS_SEMAINE" VALUES(600,300,1,24,5);
INSERT INTO "FAIT_PATIENTS_SEMAINE" VALUES(601,301,2,73,17);
INSERT INTO "FAIT_PATIENTS_SEMAINE" VALUES(602,301,1,27,4);
INSERT INTO "FAIT_PATIENTS_SEMAINE" VALUES(603,302,2,83,22);
INSERT INTO "FAIT_PATIENTS_SEMAINE" VALUES(604,302,1,23,4);
INSERT INTO "FAIT_PATIENTS_SEMAINE" VALUES(605,303,2,68,16);
INSERT INTO "FAIT_PATIENTS_SEMAINE" VALUES(606,303,1,27,1);
INSERT INTO "FAIT_PATIENTS_SEMAINE" VALUES(607,304,2,93,22);
INSERT INTO "FAIT_PATIENTS_SEMAINE" VALUES(608,304,1,31,5);
INSERT INTO "FAIT_PATIENTS_SEMAINE" VALUES(609,305,2,42,7);
INSERT INTO "FAIT_PATIENTS_SEMAINE" VALUES(610,305,1,16,3);
INSERT INTO "FAIT_PATIENTS_SEMAINE" VALUES(611,306,2,59,16);
INSERT INTO "FAIT_PATIENTS_SEMAINE" VALUES(612,306,1,28,3);
INSERT INTO "FAIT_PATIENTS_SEMAINE" VALUES(613,307,2,72,24);
INSERT INTO "FAIT_PATIENTS_SEMAINE" VALUES(614,307,1,19,1);
INSERT INTO "FAIT_PATIENTS_SEMAINE" VALUES(615,308,2,76,12);
INSERT INTO "FAIT_PATIENTS_SEMAINE" VALUES(616,308,1,29,3);
INSERT INTO "FAIT_PATIENTS_SEMAINE" VALUES(617,309,2,64,15);
INSERT INTO "FAIT_PATIENTS_SEMAINE" VALUES(618,309,1,26,3);
INSERT INTO "FAIT_PATIENTS_SEMAINE" VALUES(619,310,2,80,17);
INSERT INTO "FAIT_PATIENTS_SEMAINE" VALUES(620,310,1,23,4);
INSERT INTO "FAIT_PATIENTS_SEMAINE" VALUES(621,311,2,62,5);
INSERT INTO "FAIT_PATIENTS_SEMAINE" VALUES(622,311,1,23,1);
INSERT INTO "FAIT_PATIENTS_SEMAINE" VALUES(623,312,2,57,0);
INSERT INTO "FAIT_PATIENTS_SEMAINE" VALUES(624,312,1,15,0);
INSERT INTO "FAIT_PATIENTS_SEMAINE" VALUES(625,313,2,0,0);
INSERT INTO "FAIT_PATIENTS_SEMAINE" VALUES(626,313,1,0,0);
INSERT INTO "FAIT_PATIENTS_SEMAINE" VALUES(627,314,2,14,27);
INSERT INTO "FAIT_PATIENTS_SEMAINE" VALUES(628,314,1,5,2);
INSERT INTO "FAIT_PATIENTS_SEMAINE" VALUES(629,315,2,75,26);
INSERT INTO "FAIT_PATIENTS_SEMAINE" VALUES(630,315,1,14,2);
INSERT INTO "FAIT_PATIENTS_SEMAINE" VALUES(631,316,2,88,21);
INSERT INTO "FAIT_PATIENTS_SEMAINE" VALUES(632,316,1,26,1);
INSERT INTO "FAIT_PATIENTS_SEMAINE" VALUES(633,317,2,89,8);
INSERT INTO "FAIT_PATIENTS_SEMAINE" VALUES(634,317,1,15,2);
INSERT INTO "FAIT_PATIENTS_SEMAINE" VALUES(635,318,2,75,14);
INSERT INTO "FAIT_PATIENTS_SEMAINE" VALUES(636,318,1,33,4);
INSERT INTO "FAIT_PATIENTS_SEMAINE" VALUES(637,319,2,93,20);
INSERT INTO "FAIT_PATIENTS_SEMAINE" VALUES(638,319,1,26,4);
INSERT INTO "FAIT_PATIENTS_SEMAINE" VALUES(639,320,2,105,20);
INSERT INTO "FAIT_PATIENTS_SEMAINE" VALUES(640,320,1,18,2);
INSERT INTO "FAIT_PATIENTS_SEMAINE" VALUES(641,321,2,58,11);
INSERT INTO "FAIT_PATIENTS_SEMAINE" VALUES(642,321,1,18,3);
INSERT INTO "FAIT_PATIENTS_SEMAINE" VALUES(643,322,2,79,18);
INSERT INTO "FAIT_PATIENTS_SEMAINE" VALUES(644,322,1,25,4);
INSERT INTO "FAIT_PATIENTS_SEMAINE" VALUES(645,323,2,71,22);
INSERT INTO "FAIT_PATIENTS_SEMAINE" VALUES(646,323,1,25,5);
INSERT INTO "FAIT_PATIENTS_SEMAINE" VALUES(647,324,2,82,0);
INSERT INTO "FAIT_PATIENTS_SEMAINE" VALUES(648,324,1,27,0);
INSERT INTO "FAIT_PATIENTS_SEMAINE" VALUES(649,325,2,95,19);
INSERT INTO "FAIT_PATIENTS_SEMAINE" VALUES(650,325,1,22,2);
INSERT INTO "FAIT_PATIENTS_SEMAINE" VALUES(651,326,2,80,19);
INSERT INTO "FAIT_PATIENTS_SEMAINE" VALUES(652,326,1,27,4);
INSERT INTO "FAIT_PATIENTS_SEMAINE" VALUES(653,327,2,85,20);
INSERT INTO "FAIT_PATIENTS_SEMAINE" VALUES(654,327,1,21,3);
INSERT INTO "FAIT_PATIENTS_SEMAINE" VALUES(655,328,2,83,10);
INSERT INTO "FAIT_PATIENTS_SEMAINE" VALUES(656,328,1,22,5);
INSERT INTO "FAIT_PATIENTS_SEMAINE" VALUES(657,329,2,76,15);
INSERT INTO "FAIT_PATIENTS_SEMAINE" VALUES(658,329,1,24,2);
INSERT INTO "FAIT_PATIENTS_SEMAINE" VALUES(659,330,2,70,23);
INSERT INTO "FAIT_PATIENTS_SEMAINE" VALUES(660,330,1,14,0);
INSERT INTO "FAIT_PATIENTS_SEMAINE" VALUES(661,331,2,0,0);
INSERT INTO "FAIT_PATIENTS_SEMAINE" VALUES(662,331,1,0,0);
INSERT INTO "FAIT_PATIENTS_SEMAINE" VALUES(663,332,2,75,25);
INSERT INTO "FAIT_PATIENTS_SEMAINE" VALUES(664,332,1,22,6);
INSERT INTO "FAIT_PATIENTS_SEMAINE" VALUES(665,333,2,44,8);
INSERT INTO "FAIT_PATIENTS_SEMAINE" VALUES(666,333,1,11,0);
INSERT INTO "FAIT_PATIENTS_SEMAINE" VALUES(667,334,2,75,16);
INSERT INTO "FAIT_PATIENTS_SEMAINE" VALUES(668,334,1,22,7);
INSERT INTO "FAIT_PATIENTS_SEMAINE" VALUES(669,335,2,62,14);
INSERT INTO "FAIT_PATIENTS_SEMAINE" VALUES(670,335,1,11,12);
INSERT INTO "FAIT_PATIENTS_SEMAINE" VALUES(671,336,2,28,9);
INSERT INTO "FAIT_PATIENTS_SEMAINE" VALUES(672,336,1,4,0);
INSERT INTO "FAIT_PATIENTS_SEMAINE" VALUES(673,337,2,86,21);
INSERT INTO "FAIT_PATIENTS_SEMAINE" VALUES(674,337,1,27,3);
INSERT INTO "FAIT_PATIENTS_SEMAINE" VALUES(675,338,2,95,22);
INSERT INTO "FAIT_PATIENTS_SEMAINE" VALUES(676,338,1,21,1);
INSERT INTO "FAIT_PATIENTS_SEMAINE" VALUES(677,339,2,69,12);
INSERT INTO "FAIT_PATIENTS_SEMAINE" VALUES(678,339,1,18,4);
INSERT INTO "FAIT_PATIENTS_SEMAINE" VALUES(679,340,2,92,16);
INSERT INTO "FAIT_PATIENTS_SEMAINE" VALUES(680,340,1,19,6);
INSERT INTO "FAIT_PATIENTS_SEMAINE" VALUES(681,341,2,62,16);
INSERT INTO "FAIT_PATIENTS_SEMAINE" VALUES(682,341,1,21,0);
INSERT INTO "FAIT_PATIENTS_SEMAINE" VALUES(683,342,2,105,13);
INSERT INTO "FAIT_PATIENTS_SEMAINE" VALUES(684,342,1,23,3);
INSERT INTO "FAIT_PATIENTS_SEMAINE" VALUES(685,343,2,84,18);
INSERT INTO "FAIT_PATIENTS_SEMAINE" VALUES(686,343,1,20,0);
INSERT INTO "FAIT_PATIENTS_SEMAINE" VALUES(687,344,2,96,12);
INSERT INTO "FAIT_PATIENTS_SEMAINE" VALUES(688,344,1,17,3);
INSERT INTO "FAIT_PATIENTS_SEMAINE" VALUES(689,345,2,0,0);
INSERT INTO "FAIT_PATIENTS_SEMAINE" VALUES(690,345,1,0,0);
INSERT INTO "FAIT_PATIENTS_SEMAINE" VALUES(691,346,2,0,0);
INSERT INTO "FAIT_PATIENTS_SEMAINE" VALUES(692,346,1,0,0);
INSERT INTO "FAIT_PATIENTS_SEMAINE" VALUES(693,347,2,0,0);
INSERT INTO "FAIT_PATIENTS_SEMAINE" VALUES(694,347,1,0,0);
INSERT INTO "FAIT_PATIENTS_SEMAINE" VALUES(695,348,2,86,8);
INSERT INTO "FAIT_PATIENTS_SEMAINE" VALUES(696,348,1,35,2);
INSERT INTO "FAIT_PATIENTS_SEMAINE" VALUES(697,349,2,73,24);
INSERT INTO "FAIT_PATIENTS_SEMAINE" VALUES(698,349,1,14,2);
INSERT INTO "FAIT_PATIENTS_SEMAINE" VALUES(699,350,2,82,17);
INSERT INTO "FAIT_PATIENTS_SEMAINE" VALUES(700,350,1,32,3);
INSERT INTO "FAIT_PATIENTS_SEMAINE" VALUES(701,351,2,77,13);
INSERT INTO "FAIT_PATIENTS_SEMAINE" VALUES(702,351,1,19,3);
INSERT INTO "FAIT_PATIENTS_SEMAINE" VALUES(703,352,2,73,0);
INSERT INTO "FAIT_PATIENTS_SEMAINE" VALUES(704,352,1,34,0);
INSERT INTO "FAIT_PATIENTS_SEMAINE" VALUES(705,353,2,64,16);
INSERT INTO "FAIT_PATIENTS_SEMAINE" VALUES(706,353,1,20,7);
INSERT INTO "FAIT_PATIENTS_SEMAINE" VALUES(707,354,2,71,22);
INSERT INTO "FAIT_PATIENTS_SEMAINE" VALUES(708,354,1,21,5);
INSERT INTO "FAIT_PATIENTS_SEMAINE" VALUES(709,355,2,65,0);
INSERT INTO "FAIT_PATIENTS_SEMAINE" VALUES(710,355,1,25,0);
INSERT INTO "FAIT_PATIENTS_SEMAINE" VALUES(711,356,2,0,0);
INSERT INTO "FAIT_PATIENTS_SEMAINE" VALUES(712,356,1,0,0);
INSERT INTO "FAIT_PATIENTS_SEMAINE" VALUES(713,357,2,0,0);
INSERT INTO "FAIT_PATIENTS_SEMAINE" VALUES(714,357,1,0,0);
INSERT INTO "FAIT_PATIENTS_SEMAINE" VALUES(715,358,2,0,0);
INSERT INTO "FAIT_PATIENTS_SEMAINE" VALUES(716,358,1,0,0);
INSERT INTO "FAIT_PATIENTS_SEMAINE" VALUES(717,359,2,68,10);
INSERT INTO "FAIT_PATIENTS_SEMAINE" VALUES(718,359,1,18,5);
INSERT INTO "FAIT_PATIENTS_SEMAINE" VALUES(719,360,2,86,13);
INSERT INTO "FAIT_PATIENTS_SEMAINE" VALUES(720,360,1,19,4);
INSERT INTO "FAIT_PATIENTS_SEMAINE" VALUES(721,361,2,76,16);
INSERT INTO "FAIT_PATIENTS_SEMAINE" VALUES(722,361,1,22,3);
INSERT INTO "FAIT_PATIENTS_SEMAINE" VALUES(723,362,2,52,16);
INSERT INTO "FAIT_PATIENTS_SEMAINE" VALUES(724,362,1,18,0);
INSERT INTO "FAIT_PATIENTS_SEMAINE" VALUES(725,363,2,59,19);
INSERT INTO "FAIT_PATIENTS_SEMAINE" VALUES(726,363,1,23,3);
INSERT INTO "FAIT_PATIENTS_SEMAINE" VALUES(727,364,2,34,11);
INSERT INTO "FAIT_PATIENTS_SEMAINE" VALUES(728,364,1,12,4);
INSERT INTO "FAIT_PATIENTS_SEMAINE" VALUES(729,365,2,0,0);
INSERT INTO "FAIT_PATIENTS_SEMAINE" VALUES(730,365,1,0,0);
CREATE TABLE FAIT_RECETTE_RADIO (
    ID_FAIT_RECETTE_RADIO INTEGER PRIMARY KEY,
    ID_SEMAINE INTEGER,
    ID_TYPE_PATIENT INTEGER,
    MONTANT REAL,
    FOREIGN KEY (ID_SEMAINE) REFERENCES DIM_SEMAINE(ID_SEMAINE),
    FOREIGN KEY (ID_TYPE_PATIENT) REFERENCES DIM_TYPE_PATIENT(ID_TYPE_PATIENT)
);
INSERT INTO "FAIT_RECETTE_RADIO" VALUES(1,1,2,1980.0);
INSERT INTO "FAIT_RECETTE_RADIO" VALUES(2,1,1,0.0);
INSERT INTO "FAIT_RECETTE_RADIO" VALUES(3,2,2,900.0);
INSERT INTO "FAIT_RECETTE_RADIO" VALUES(4,2,1,0.0);
INSERT INTO "FAIT_RECETTE_RADIO" VALUES(5,3,2,1800.0);
INSERT INTO "FAIT_RECETTE_RADIO" VALUES(6,3,1,1.43640000000000096491e+02);
INSERT INTO "FAIT_RECETTE_RADIO" VALUES(7,4,1,0.0);
INSERT INTO "FAIT_RECETTE_RADIO" VALUES(8,4,2,0.0);
INSERT INTO "FAIT_RECETTE_RADIO" VALUES(9,5,1,0.0);
INSERT INTO "FAIT_RECETTE_RADIO" VALUES(10,5,2,0.0);
INSERT INTO "FAIT_RECETTE_RADIO" VALUES(11,6,1,7.18199999999999327826e+01);
INSERT INTO "FAIT_RECETTE_RADIO" VALUES(12,6,2,1800.0);
INSERT INTO "FAIT_RECETTE_RADIO" VALUES(13,7,1,7.1820000000000163709e+01);
INSERT INTO "FAIT_RECETTE_RADIO" VALUES(14,7,2,3060.0);
INSERT INTO "FAIT_RECETTE_RADIO" VALUES(15,8,1,1.43640000000000096491e+02);
INSERT INTO "FAIT_RECETTE_RADIO" VALUES(16,8,2,1350.0);
INSERT INTO "FAIT_RECETTE_RADIO" VALUES(17,9,1,1.43639999999999901092e+02);
INSERT INTO "FAIT_RECETTE_RADIO" VALUES(18,9,2,2070.0);
INSERT INTO "FAIT_RECETTE_RADIO" VALUES(19,10,1,7.18199999999999327826e+01);
INSERT INTO "FAIT_RECETTE_RADIO" VALUES(20,10,2,1800.0);
INSERT INTO "FAIT_RECETTE_RADIO" VALUES(21,11,1,215.46);
INSERT INTO "FAIT_RECETTE_RADIO" VALUES(22,11,2,1890.0);
INSERT INTO "FAIT_RECETTE_RADIO" VALUES(23,12,1,1.43640000000000096491e+02);
INSERT INTO "FAIT_RECETTE_RADIO" VALUES(24,12,2,1800.0);
INSERT INTO "FAIT_RECETTE_RADIO" VALUES(25,13,1,7.18199999999999327826e+01);
INSERT INTO "FAIT_RECETTE_RADIO" VALUES(26,13,2,1620.0);
INSERT INTO "FAIT_RECETTE_RADIO" VALUES(27,14,1,287.28);
INSERT INTO "FAIT_RECETTE_RADIO" VALUES(28,14,2,2160.0);
INSERT INTO "FAIT_RECETTE_RADIO" VALUES(29,15,1,143.64);
INSERT INTO "FAIT_RECETTE_RADIO" VALUES(30,15,2,1710.0);
INSERT INTO "FAIT_RECETTE_RADIO" VALUES(31,16,1,1.43640000000000096491e+02);
INSERT INTO "FAIT_RECETTE_RADIO" VALUES(32,16,2,1080.0);
INSERT INTO "FAIT_RECETTE_RADIO" VALUES(33,17,1,1.43640000000000096491e+02);
INSERT INTO "FAIT_RECETTE_RADIO" VALUES(34,17,2,1530.0);
INSERT INTO "FAIT_RECETTE_RADIO" VALUES(35,18,2,1440.0);
INSERT INTO "FAIT_RECETTE_RADIO" VALUES(36,18,1,7.18199999999999327826e+01);
INSERT INTO "FAIT_RECETTE_RADIO" VALUES(37,19,2,1260.0);
INSERT INTO "FAIT_RECETTE_RADIO" VALUES(38,19,1,0.0);
INSERT INTO "FAIT_RECETTE_RADIO" VALUES(39,20,2,2070.0);
INSERT INTO "FAIT_RECETTE_RADIO" VALUES(40,20,1,7.1820000000000163709e+01);
INSERT INTO "FAIT_RECETTE_RADIO" VALUES(41,21,2,360.0);
INSERT INTO "FAIT_RECETTE_RADIO" VALUES(42,21,1,0.0);
INSERT INTO "FAIT_RECETTE_RADIO" VALUES(43,22,2,2070.0);
INSERT INTO "FAIT_RECETTE_RADIO" VALUES(44,22,1,1.43639999999999901092e+02);
INSERT INTO "FAIT_RECETTE_RADIO" VALUES(45,23,2,1710.0);
INSERT INTO "FAIT_RECETTE_RADIO" VALUES(46,23,1,7.18199999999999327826e+01);
INSERT INTO "FAIT_RECETTE_RADIO" VALUES(47,24,2,2430.0);
INSERT INTO "FAIT_RECETTE_RADIO" VALUES(48,24,1,7.1820000000000163709e+01);
INSERT INTO "FAIT_RECETTE_RADIO" VALUES(49,25,2,1440.0);
INSERT INTO "FAIT_RECETTE_RADIO" VALUES(50,25,1,0.0);
INSERT INTO "FAIT_RECETTE_RADIO" VALUES(51,26,2,1530.0);
INSERT INTO "FAIT_RECETTE_RADIO" VALUES(52,26,1,1.43639999999999901092e+02);
INSERT INTO "FAIT_RECETTE_RADIO" VALUES(53,27,2,1800.0);
INSERT INTO "FAIT_RECETTE_RADIO" VALUES(54,27,1,7.18199999999999327826e+01);
INSERT INTO "FAIT_RECETTE_RADIO" VALUES(55,28,2,900.0);
INSERT INTO "FAIT_RECETTE_RADIO" VALUES(56,28,1,1.43639999999999901092e+02);
INSERT INTO "FAIT_RECETTE_RADIO" VALUES(57,29,2,1620.0);
INSERT INTO "FAIT_RECETTE_RADIO" VALUES(58,29,1,0.0);
INSERT INTO "FAIT_RECETTE_RADIO" VALUES(59,30,2,1800.0);
INSERT INTO "FAIT_RECETTE_RADIO" VALUES(60,30,1,1.43639999999999901092e+02);
INSERT INTO "FAIT_RECETTE_RADIO" VALUES(61,31,2,2160.0);
INSERT INTO "FAIT_RECETTE_RADIO" VALUES(62,31,1,1.43639999999999901092e+02);
INSERT INTO "FAIT_RECETTE_RADIO" VALUES(63,32,2,0.0);
INSERT INTO "FAIT_RECETTE_RADIO" VALUES(64,32,1,0.0);
INSERT INTO "FAIT_RECETTE_RADIO" VALUES(65,33,2,0.0);
INSERT INTO "FAIT_RECETTE_RADIO" VALUES(66,33,1,0.0);
INSERT INTO "FAIT_RECETTE_RADIO" VALUES(67,34,2,0.0);
INSERT INTO "FAIT_RECETTE_RADIO" VALUES(68,34,1,0.0);
INSERT INTO "FAIT_RECETTE_RADIO" VALUES(69,35,2,0.0);
INSERT INTO "FAIT_RECETTE_RADIO" VALUES(70,35,1,0.0);
INSERT INTO "FAIT_RECETTE_RADIO" VALUES(71,36,2,2790.0);
INSERT INTO "FAIT_RECETTE_RADIO" VALUES(72,36,1,7.1820000000000163709e+01);
INSERT INTO "FAIT_RECETTE_RADIO" VALUES(73,37,2,1710.0);
INSERT INTO "FAIT_RECETTE_RADIO" VALUES(74,37,1,215.46);
INSERT INTO "FAIT_RECETTE_RADIO" VALUES(75,38,2,630.0);
INSERT INTO "FAIT_RECETTE_RADIO" VALUES(76,38,1,7.18199999999999327826e+01);
INSERT INTO "FAIT_RECETTE_RADIO" VALUES(77,39,2,2250.0);
INSERT INTO "FAIT_RECETTE_RADIO" VALUES(78,39,1,7.1820000000000163709e+01);
INSERT INTO "FAIT_RECETTE_RADIO" VALUES(79,40,2,2610.0);
INSERT INTO "FAIT_RECETTE_RADIO" VALUES(80,40,1,7.1820000000000163709e+01);
INSERT INTO "FAIT_RECETTE_RADIO" VALUES(81,41,2,1800.0);
INSERT INTO "FAIT_RECETTE_RADIO" VALUES(82,41,1,1.43639999999999901092e+02);
INSERT INTO "FAIT_RECETTE_RADIO" VALUES(83,42,2,2610.0);
INSERT INTO "FAIT_RECETTE_RADIO" VALUES(84,42,1,1.43639999999999901092e+02);
INSERT INTO "FAIT_RECETTE_RADIO" VALUES(85,43,2,1620.0);
INSERT INTO "FAIT_RECETTE_RADIO" VALUES(86,43,1,7.18199999999999327826e+01);
INSERT INTO "FAIT_RECETTE_RADIO" VALUES(87,44,2,450.0);
INSERT INTO "FAIT_RECETTE_RADIO" VALUES(88,44,1,0.0);
INSERT INTO "FAIT_RECETTE_RADIO" VALUES(89,45,2,2160.0);
INSERT INTO "FAIT_RECETTE_RADIO" VALUES(90,45,1,7.1820000000000163709e+01);
INSERT INTO "FAIT_RECETTE_RADIO" VALUES(91,46,2,450.0);
INSERT INTO "FAIT_RECETTE_RADIO" VALUES(92,46,1,0.0);
INSERT INTO "FAIT_RECETTE_RADIO" VALUES(93,47,2,900.0);
INSERT INTO "FAIT_RECETTE_RADIO" VALUES(94,47,1,4.30920000000000058548e+02);
INSERT INTO "FAIT_RECETTE_RADIO" VALUES(95,48,2,1620.0);
INSERT INTO "FAIT_RECETTE_RADIO" VALUES(96,48,1,1.43639999999999901092e+02);
INSERT INTO "FAIT_RECETTE_RADIO" VALUES(97,49,2,630.0);
INSERT INTO "FAIT_RECETTE_RADIO" VALUES(98,49,1,0.0);
INSERT INTO "FAIT_RECETTE_RADIO" VALUES(99,50,2,720.0);
INSERT INTO "FAIT_RECETTE_RADIO" VALUES(100,50,1,7.18199999999999327826e+01);
INSERT INTO "FAIT_RECETTE_RADIO" VALUES(101,51,2,180.0);
INSERT INTO "FAIT_RECETTE_RADIO" VALUES(102,51,1,71.82);
INSERT INTO "FAIT_RECETTE_RADIO" VALUES(103,52,2,0.0);
INSERT INTO "FAIT_RECETTE_RADIO" VALUES(104,52,1,0.0);
INSERT INTO "FAIT_RECETTE_RADIO" VALUES(105,53,2,0.0);
INSERT INTO "FAIT_RECETTE_RADIO" VALUES(106,53,1,0.0);
INSERT INTO "FAIT_RECETTE_RADIO" VALUES(107,54,2,2520.0);
INSERT INTO "FAIT_RECETTE_RADIO" VALUES(108,54,1,215.46);
INSERT INTO "FAIT_RECETTE_RADIO" VALUES(109,55,2,900.0);
INSERT INTO "FAIT_RECETTE_RADIO" VALUES(110,55,1,7.18199999999999327826e+01);
INSERT INTO "FAIT_RECETTE_RADIO" VALUES(111,56,2,2700.0);
INSERT INTO "FAIT_RECETTE_RADIO" VALUES(112,56,1,5.02739999999999742641e+02);
INSERT INTO "FAIT_RECETTE_RADIO" VALUES(113,57,2,1980.0);
INSERT INTO "FAIT_RECETTE_RADIO" VALUES(114,57,1,1.43639999999999901092e+02);
INSERT INTO "FAIT_RECETTE_RADIO" VALUES(115,58,2,2430.0);
INSERT INTO "FAIT_RECETTE_RADIO" VALUES(116,58,1,7.1820000000000163709e+01);
INSERT INTO "FAIT_RECETTE_RADIO" VALUES(117,59,2,2250.0);
INSERT INTO "FAIT_RECETTE_RADIO" VALUES(118,59,1,0.0);
INSERT INTO "FAIT_RECETTE_RADIO" VALUES(119,60,2,1890.0);
INSERT INTO "FAIT_RECETTE_RADIO" VALUES(120,60,1,2.87279999999999660076e+02);
INSERT INTO "FAIT_RECETTE_RADIO" VALUES(121,61,2,1710.0);
INSERT INTO "FAIT_RECETTE_RADIO" VALUES(122,61,1,215.46);
INSERT INTO "FAIT_RECETTE_RADIO" VALUES(123,62,2,3060.0);
INSERT INTO "FAIT_RECETTE_RADIO" VALUES(124,62,1,1.43639999999999901092e+02);
INSERT INTO "FAIT_RECETTE_RADIO" VALUES(125,63,2,1890.0);
INSERT INTO "FAIT_RECETTE_RADIO" VALUES(126,63,1,7.18199999999999327826e+01);
INSERT INTO "FAIT_RECETTE_RADIO" VALUES(127,64,2,1890.0);
INSERT INTO "FAIT_RECETTE_RADIO" VALUES(128,64,1,7.18199999999999327826e+01);
INSERT INTO "FAIT_RECETTE_RADIO" VALUES(129,65,2,1260.0);
INSERT INTO "FAIT_RECETTE_RADIO" VALUES(130,65,1,7.18199999999999327826e+01);
INSERT INTO "FAIT_RECETTE_RADIO" VALUES(131,66,2,1710.0);
INSERT INTO "FAIT_RECETTE_RADIO" VALUES(132,66,1,287.28);
INSERT INTO "FAIT_RECETTE_RADIO" VALUES(133,67,2,720.0);
INSERT INTO "FAIT_RECETTE_RADIO" VALUES(134,67,1,0.0);
INSERT INTO "FAIT_RECETTE_RADIO" VALUES(135,68,2,1890.0);
INSERT INTO "FAIT_RECETTE_RADIO" VALUES(136,68,1,7.18199999999999327826e+01);
INSERT INTO "FAIT_RECETTE_RADIO" VALUES(137,69,2,2070.0);
INSERT INTO "FAIT_RECETTE_RADIO" VALUES(138,69,1,2.87279999999999660076e+02);
INSERT INTO "FAIT_RECETTE_RADIO" VALUES(139,70,2,900.0);
INSERT INTO "FAIT_RECETTE_RADIO" VALUES(140,70,1,7.18199999999999327826e+01);
INSERT INTO "FAIT_RECETTE_RADIO" VALUES(141,71,2,810.0);
INSERT INTO "FAIT_RECETTE_RADIO" VALUES(142,71,1,215.46);
INSERT INTO "FAIT_RECETTE_RADIO" VALUES(143,72,2,540.0);
INSERT INTO "FAIT_RECETTE_RADIO" VALUES(144,72,1,3.59099999999999930366e+02);
INSERT INTO "FAIT_RECETTE_RADIO" VALUES(145,73,2,1260.0);
INSERT INTO "FAIT_RECETTE_RADIO" VALUES(146,73,1,7.18199999999999327826e+01);
INSERT INTO "FAIT_RECETTE_RADIO" VALUES(147,74,2,1260.0);
INSERT INTO "FAIT_RECETTE_RADIO" VALUES(148,74,1,7.18199999999999327826e+01);
INSERT INTO "FAIT_RECETTE_RADIO" VALUES(149,75,2,630.0);
INSERT INTO "FAIT_RECETTE_RADIO" VALUES(150,75,1,7.18199999999999327826e+01);
INSERT INTO "FAIT_RECETTE_RADIO" VALUES(151,76,2,2250.0);
INSERT INTO "FAIT_RECETTE_RADIO" VALUES(152,76,1,7.1820000000000163709e+01);
INSERT INTO "FAIT_RECETTE_RADIO" VALUES(153,77,2,540.0);
INSERT INTO "FAIT_RECETTE_RADIO" VALUES(154,77,1,7.18199999999999327826e+01);
INSERT INTO "FAIT_RECETTE_RADIO" VALUES(155,78,2,0.0);
INSERT INTO "FAIT_RECETTE_RADIO" VALUES(156,78,1,0.0);
INSERT INTO "FAIT_RECETTE_RADIO" VALUES(157,79,2,0.0);
INSERT INTO "FAIT_RECETTE_RADIO" VALUES(158,79,1,0.0);
INSERT INTO "FAIT_RECETTE_RADIO" VALUES(159,80,2,0.0);
INSERT INTO "FAIT_RECETTE_RADIO" VALUES(160,80,1,0.0);
INSERT INTO "FAIT_RECETTE_RADIO" VALUES(161,81,2,810.0);
INSERT INTO "FAIT_RECETTE_RADIO" VALUES(162,81,1,215.46);
INSERT INTO "FAIT_RECETTE_RADIO" VALUES(163,82,2,810.0);
INSERT INTO "FAIT_RECETTE_RADIO" VALUES(164,82,1,7.18199999999999327826e+01);
INSERT INTO "FAIT_RECETTE_RADIO" VALUES(165,83,2,1440.0);
INSERT INTO "FAIT_RECETTE_RADIO" VALUES(166,83,1,1.43639999999999901092e+02);
INSERT INTO "FAIT_RECETTE_RADIO" VALUES(167,84,2,1800.0);
INSERT INTO "FAIT_RECETTE_RADIO" VALUES(168,84,1,3.59099999999999930366e+02);
INSERT INTO "FAIT_RECETTE_RADIO" VALUES(169,85,2,0.0);
INSERT INTO "FAIT_RECETTE_RADIO" VALUES(170,85,1,0.0);
INSERT INTO "FAIT_RECETTE_RADIO" VALUES(171,86,2,0.0);
INSERT INTO "FAIT_RECETTE_RADIO" VALUES(172,86,1,0.0);
INSERT INTO "FAIT_RECETTE_RADIO" VALUES(173,87,2,0.0);
INSERT INTO "FAIT_RECETTE_RADIO" VALUES(174,87,1,0.0);
INSERT INTO "FAIT_RECETTE_RADIO" VALUES(175,88,2,3240.0);
INSERT INTO "FAIT_RECETTE_RADIO" VALUES(176,88,1,2.87279999999999660076e+02);
INSERT INTO "FAIT_RECETTE_RADIO" VALUES(177,89,2,1080.0);
INSERT INTO "FAIT_RECETTE_RADIO" VALUES(178,89,1,0.0);
INSERT INTO "FAIT_RECETTE_RADIO" VALUES(179,90,2,990.0);
INSERT INTO "FAIT_RECETTE_RADIO" VALUES(180,90,1,0.0);
INSERT INTO "FAIT_RECETTE_RADIO" VALUES(181,91,2,1710.0);
INSERT INTO "FAIT_RECETTE_RADIO" VALUES(182,91,1,0.0);
INSERT INTO "FAIT_RECETTE_RADIO" VALUES(183,92,2,810.0);
INSERT INTO "FAIT_RECETTE_RADIO" VALUES(184,92,1,0.0);
INSERT INTO "FAIT_RECETTE_RADIO" VALUES(185,93,2,1710.0);
INSERT INTO "FAIT_RECETTE_RADIO" VALUES(186,93,1,0.0);
INSERT INTO "FAIT_RECETTE_RADIO" VALUES(187,94,2,1350.0);
INSERT INTO "FAIT_RECETTE_RADIO" VALUES(188,94,1,0.0);
INSERT INTO "FAIT_RECETTE_RADIO" VALUES(189,95,2,900.0);
INSERT INTO "FAIT_RECETTE_RADIO" VALUES(190,95,1,0.0);
INSERT INTO "FAIT_RECETTE_RADIO" VALUES(191,96,2,0.0);
INSERT INTO "FAIT_RECETTE_RADIO" VALUES(192,96,1,0.0);
INSERT INTO "FAIT_RECETTE_RADIO" VALUES(193,97,2,2250.0);
INSERT INTO "FAIT_RECETTE_RADIO" VALUES(194,97,1,0.0);
INSERT INTO "FAIT_RECETTE_RADIO" VALUES(195,98,2,0.0);
INSERT INTO "FAIT_RECETTE_RADIO" VALUES(196,98,1,0.0);
INSERT INTO "FAIT_RECETTE_RADIO" VALUES(197,99,2,810.0);
INSERT INTO "FAIT_RECETTE_RADIO" VALUES(198,99,1,0.0);
INSERT INTO "FAIT_RECETTE_RADIO" VALUES(199,100,2,1080.0);
INSERT INTO "FAIT_RECETTE_RADIO" VALUES(200,100,1,0.0);
INSERT INTO "FAIT_RECETTE_RADIO" VALUES(201,101,2,1800.0);
INSERT INTO "FAIT_RECETTE_RADIO" VALUES(202,101,1,0.0);
INSERT INTO "FAIT_RECETTE_RADIO" VALUES(203,102,2,1350.0);
INSERT INTO "FAIT_RECETTE_RADIO" VALUES(204,102,1,0.0);
INSERT INTO "FAIT_RECETTE_RADIO" VALUES(205,103,2,1170.0);
INSERT INTO "FAIT_RECETTE_RADIO" VALUES(206,103,1,0.0);
INSERT INTO "FAIT_RECETTE_RADIO" VALUES(207,104,2,0.0);
INSERT INTO "FAIT_RECETTE_RADIO" VALUES(208,104,1,0.0);
INSERT INTO "FAIT_RECETTE_RADIO" VALUES(209,105,2,0.0);
INSERT INTO "FAIT_RECETTE_RADIO" VALUES(210,105,1,0.0);
INSERT INTO "FAIT_RECETTE_RADIO" VALUES(211,106,2,1620.0);
INSERT INTO "FAIT_RECETTE_RADIO" VALUES(212,106,1,0.0);
INSERT INTO "FAIT_RECETTE_RADIO" VALUES(213,107,2,2610.0);
INSERT INTO "FAIT_RECETTE_RADIO" VALUES(214,107,1,7.1820000000000163709e+01);
INSERT INTO "FAIT_RECETTE_RADIO" VALUES(215,108,2,2610.0);
INSERT INTO "FAIT_RECETTE_RADIO" VALUES(216,108,1,0.0);
INSERT INTO "FAIT_RECETTE_RADIO" VALUES(217,109,2,1620.0);
INSERT INTO "FAIT_RECETTE_RADIO" VALUES(218,109,1,7.18199999999999327826e+01);
INSERT INTO "FAIT_RECETTE_RADIO" VALUES(219,110,2,1800.0);
INSERT INTO "FAIT_RECETTE_RADIO" VALUES(220,110,1,0.0);
INSERT INTO "FAIT_RECETTE_RADIO" VALUES(221,111,2,1260.0);
INSERT INTO "FAIT_RECETTE_RADIO" VALUES(222,111,1,0.0);
INSERT INTO "FAIT_RECETTE_RADIO" VALUES(223,112,2,1620.0);
INSERT INTO "FAIT_RECETTE_RADIO" VALUES(224,112,1,2.15640000000000098268e+02);
INSERT INTO "FAIT_RECETTE_RADIO" VALUES(225,113,2,360.0);
INSERT INTO "FAIT_RECETTE_RADIO" VALUES(226,113,1,81.82);
INSERT INTO "FAIT_RECETTE_RADIO" VALUES(227,114,0,0.0);
INSERT INTO "FAIT_RECETTE_RADIO" VALUES(228,114,0,0.0);
INSERT INTO "FAIT_RECETTE_RADIO" VALUES(229,115,0,0.0);
INSERT INTO "FAIT_RECETTE_RADIO" VALUES(230,115,0,0.0);
INSERT INTO "FAIT_RECETTE_RADIO" VALUES(231,116,0,0.0);
INSERT INTO "FAIT_RECETTE_RADIO" VALUES(232,116,0,0.0);
INSERT INTO "FAIT_RECETTE_RADIO" VALUES(233,117,0,0.0);
INSERT INTO "FAIT_RECETTE_RADIO" VALUES(234,117,0,0.0);
INSERT INTO "FAIT_RECETTE_RADIO" VALUES(235,118,2,1890.0);
INSERT INTO "FAIT_RECETTE_RADIO" VALUES(236,118,1,574.56);
INSERT INTO "FAIT_RECETTE_RADIO" VALUES(237,119,2,2160.0);
INSERT INTO "FAIT_RECETTE_RADIO" VALUES(238,119,1,2.87279999999999660076e+02);
INSERT INTO "FAIT_RECETTE_RADIO" VALUES(239,120,2,1800.0);
INSERT INTO "FAIT_RECETTE_RADIO" VALUES(240,120,1,3.59099999999999930366e+02);
INSERT INTO "FAIT_RECETTE_RADIO" VALUES(241,121,2,1170.0);
INSERT INTO "FAIT_RECETTE_RADIO" VALUES(242,121,1,7.18199999999999327826e+01);
INSERT INTO "FAIT_RECETTE_RADIO" VALUES(243,122,2,1620.0);
INSERT INTO "FAIT_RECETTE_RADIO" VALUES(244,122,1,287.28);
INSERT INTO "FAIT_RECETTE_RADIO" VALUES(245,123,2,1440.0);
INSERT INTO "FAIT_RECETTE_RADIO" VALUES(246,123,1,0.0);
INSERT INTO "FAIT_RECETTE_RADIO" VALUES(247,124,2,2070.0);
INSERT INTO "FAIT_RECETTE_RADIO" VALUES(248,124,1,7.1820000000000163709e+01);
INSERT INTO "FAIT_RECETTE_RADIO" VALUES(249,125,2,1620.0);
INSERT INTO "FAIT_RECETTE_RADIO" VALUES(250,125,1,215.46);
INSERT INTO "FAIT_RECETTE_RADIO" VALUES(251,126,2,0.0);
INSERT INTO "FAIT_RECETTE_RADIO" VALUES(252,126,1,0.0);
INSERT INTO "FAIT_RECETTE_RADIO" VALUES(253,127,2,0.0);
INSERT INTO "FAIT_RECETTE_RADIO" VALUES(254,127,1,0.0);
INSERT INTO "FAIT_RECETTE_RADIO" VALUES(255,128,2,1620.0);
INSERT INTO "FAIT_RECETTE_RADIO" VALUES(256,128,1,3.59099999999999930366e+02);
INSERT INTO "FAIT_RECETTE_RADIO" VALUES(257,129,2,1530.0);
INSERT INTO "FAIT_RECETTE_RADIO" VALUES(258,129,1,7.18199999999999327826e+01);
INSERT INTO "FAIT_RECETTE_RADIO" VALUES(259,130,2,810.0);
INSERT INTO "FAIT_RECETTE_RADIO" VALUES(260,130,1,0.0);
INSERT INTO "FAIT_RECETTE_RADIO" VALUES(261,131,2,1980.0);
INSERT INTO "FAIT_RECETTE_RADIO" VALUES(262,131,1,7.1820000000000163709e+01);
INSERT INTO "FAIT_RECETTE_RADIO" VALUES(263,132,2,1170.0);
INSERT INTO "FAIT_RECETTE_RADIO" VALUES(264,132,1,1.43639999999999901092e+02);
INSERT INTO "FAIT_RECETTE_RADIO" VALUES(265,133,2,900.0);
INSERT INTO "FAIT_RECETTE_RADIO" VALUES(266,133,1,0.0);
INSERT INTO "FAIT_RECETTE_RADIO" VALUES(267,134,2,1980.0);
INSERT INTO "FAIT_RECETTE_RADIO" VALUES(268,134,1,7.1820000000000163709e+01);
INSERT INTO "FAIT_RECETTE_RADIO" VALUES(269,135,2,1260.0);
INSERT INTO "FAIT_RECETTE_RADIO" VALUES(270,135,1,287.28);
INSERT INTO "FAIT_RECETTE_RADIO" VALUES(271,136,0,0.0);
INSERT INTO "FAIT_RECETTE_RADIO" VALUES(272,136,0,0.0);
INSERT INTO "FAIT_RECETTE_RADIO" VALUES(273,137,0,0.0);
INSERT INTO "FAIT_RECETTE_RADIO" VALUES(274,137,0,0.0);
INSERT INTO "FAIT_RECETTE_RADIO" VALUES(275,138,0,0.0);
INSERT INTO "FAIT_RECETTE_RADIO" VALUES(276,138,0,0.0);
INSERT INTO "FAIT_RECETTE_RADIO" VALUES(277,139,0,0.0);
INSERT INTO "FAIT_RECETTE_RADIO" VALUES(278,139,0,0.0);
INSERT INTO "FAIT_RECETTE_RADIO" VALUES(279,140,2,2070.0);
INSERT INTO "FAIT_RECETTE_RADIO" VALUES(280,140,1,7.1820000000000163709e+01);
INSERT INTO "FAIT_RECETTE_RADIO" VALUES(281,141,2,1800.0);
INSERT INTO "FAIT_RECETTE_RADIO" VALUES(282,141,1,0.0);
INSERT INTO "FAIT_RECETTE_RADIO" VALUES(283,142,2,1440.0);
INSERT INTO "FAIT_RECETTE_RADIO" VALUES(284,142,1,0.0);
INSERT INTO "FAIT_RECETTE_RADIO" VALUES(285,143,2,1530.0);
INSERT INTO "FAIT_RECETTE_RADIO" VALUES(286,143,1,1.43639999999999901092e+02);
INSERT INTO "FAIT_RECETTE_RADIO" VALUES(287,144,2,1440.0);
INSERT INTO "FAIT_RECETTE_RADIO" VALUES(288,144,1,1.43639999999999901092e+02);
INSERT INTO "FAIT_RECETTE_RADIO" VALUES(289,145,2,2160.0);
INSERT INTO "FAIT_RECETTE_RADIO" VALUES(290,145,1,0.0);
INSERT INTO "FAIT_RECETTE_RADIO" VALUES(291,146,2,1710.0);
INSERT INTO "FAIT_RECETTE_RADIO" VALUES(292,146,1,287.28);
INSERT INTO "FAIT_RECETTE_RADIO" VALUES(293,147,2,1350.0);
INSERT INTO "FAIT_RECETTE_RADIO" VALUES(294,147,1,215.46);
INSERT INTO "FAIT_RECETTE_RADIO" VALUES(295,148,2,1350.0);
INSERT INTO "FAIT_RECETTE_RADIO" VALUES(296,148,1,0.0);
INSERT INTO "FAIT_RECETTE_RADIO" VALUES(297,149,2,1440.0);
INSERT INTO "FAIT_RECETTE_RADIO" VALUES(298,149,1,1.43639999999999901092e+02);
INSERT INTO "FAIT_RECETTE_RADIO" VALUES(299,150,2,0.0);
INSERT INTO "FAIT_RECETTE_RADIO" VALUES(300,150,1,0.0);
INSERT INTO "FAIT_RECETTE_RADIO" VALUES(301,151,2,2340.0);
INSERT INTO "FAIT_RECETTE_RADIO" VALUES(302,151,1,215.46);
INSERT INTO "FAIT_RECETTE_RADIO" VALUES(303,152,2,900.0);
INSERT INTO "FAIT_RECETTE_RADIO" VALUES(304,152,1,1.43639999999999901092e+02);
INSERT INTO "FAIT_RECETTE_RADIO" VALUES(305,153,2,0.0);
INSERT INTO "FAIT_RECETTE_RADIO" VALUES(306,153,1,0.0);
INSERT INTO "FAIT_RECETTE_RADIO" VALUES(307,154,2,2520.0);
INSERT INTO "FAIT_RECETTE_RADIO" VALUES(308,154,1,7.1820000000000163709e+01);
INSERT INTO "FAIT_RECETTE_RADIO" VALUES(309,155,2,1440.0);
INSERT INTO "FAIT_RECETTE_RADIO" VALUES(310,155,1,1.43639999999999901092e+02);
INSERT INTO "FAIT_RECETTE_RADIO" VALUES(311,156,2,360.0);
INSERT INTO "FAIT_RECETTE_RADIO" VALUES(312,156,1,0.0);
INSERT INTO "FAIT_RECETTE_RADIO" VALUES(313,157,2,810.0);
INSERT INTO "FAIT_RECETTE_RADIO" VALUES(314,157,1,143.64);
INSERT INTO "FAIT_RECETTE_RADIO" VALUES(315,158,2,3600.0);
INSERT INTO "FAIT_RECETTE_RADIO" VALUES(316,158,1,215.46);
INSERT INTO "FAIT_RECETTE_RADIO" VALUES(317,159,2,720.0);
INSERT INTO "FAIT_RECETTE_RADIO" VALUES(318,159,1,0.0);
INSERT INTO "FAIT_RECETTE_RADIO" VALUES(319,160,2,2070.0);
INSERT INTO "FAIT_RECETTE_RADIO" VALUES(320,160,1,4.30920000000000058548e+02);
INSERT INTO "FAIT_RECETTE_RADIO" VALUES(321,161,2,2070.0);
INSERT INTO "FAIT_RECETTE_RADIO" VALUES(322,161,1,2.87279999999999660076e+02);
INSERT INTO "FAIT_RECETTE_RADIO" VALUES(323,162,2,2880.0);
INSERT INTO "FAIT_RECETTE_RADIO" VALUES(324,162,1,7.1820000000000163709e+01);
INSERT INTO "FAIT_RECETTE_RADIO" VALUES(325,163,2,1350.0);
INSERT INTO "FAIT_RECETTE_RADIO" VALUES(326,163,1,502.74);
INSERT INTO "FAIT_RECETTE_RADIO" VALUES(327,164,2,2160.0);
INSERT INTO "FAIT_RECETTE_RADIO" VALUES(328,164,1,7.1820000000000163709e+01);
INSERT INTO "FAIT_RECETTE_RADIO" VALUES(329,165,2,1620.0);
INSERT INTO "FAIT_RECETTE_RADIO" VALUES(330,165,1,215.46);
INSERT INTO "FAIT_RECETTE_RADIO" VALUES(331,166,2,2070.0);
INSERT INTO "FAIT_RECETTE_RADIO" VALUES(332,166,1,215.46);
INSERT INTO "FAIT_RECETTE_RADIO" VALUES(333,167,2,1440.0);
INSERT INTO "FAIT_RECETTE_RADIO" VALUES(334,167,1,3.59099999999999930366e+02);
INSERT INTO "FAIT_RECETTE_RADIO" VALUES(335,168,2,360.0);
INSERT INTO "FAIT_RECETTE_RADIO" VALUES(336,168,1,0.0);
INSERT INTO "FAIT_RECETTE_RADIO" VALUES(337,169,2,0.0);
INSERT INTO "FAIT_RECETTE_RADIO" VALUES(338,169,1,0.0);
INSERT INTO "FAIT_RECETTE_RADIO" VALUES(339,170,2,0.0);
INSERT INTO "FAIT_RECETTE_RADIO" VALUES(340,170,1,0.0);
INSERT INTO "FAIT_RECETTE_RADIO" VALUES(341,171,2,0.0);
INSERT INTO "FAIT_RECETTE_RADIO" VALUES(342,171,1,0.0);
INSERT INTO "FAIT_RECETTE_RADIO" VALUES(343,172,2,180.0);
INSERT INTO "FAIT_RECETTE_RADIO" VALUES(344,172,1,0.0);
INSERT INTO "FAIT_RECETTE_RADIO" VALUES(345,173,2,360.0);
INSERT INTO "FAIT_RECETTE_RADIO" VALUES(346,173,1,0.0);
INSERT INTO "FAIT_RECETTE_RADIO" VALUES(347,174,2,810.0);
INSERT INTO "FAIT_RECETTE_RADIO" VALUES(348,174,1,0.0);
INSERT INTO "FAIT_RECETTE_RADIO" VALUES(349,175,2,720.0);
INSERT INTO "FAIT_RECETTE_RADIO" VALUES(350,175,1,7.06900000000000527933e+01);
INSERT INTO "FAIT_RECETTE_RADIO" VALUES(351,176,2,1980.0);
INSERT INTO "FAIT_RECETTE_RADIO" VALUES(352,176,1,7.06900000000000527933e+01);
INSERT INTO "FAIT_RECETTE_RADIO" VALUES(353,177,2,1440.0);
INSERT INTO "FAIT_RECETTE_RADIO" VALUES(354,177,1,7.06900000000000527933e+01);
INSERT INTO "FAIT_RECETTE_RADIO" VALUES(355,178,2,2070.0);
INSERT INTO "FAIT_RECETTE_RADIO" VALUES(356,178,1,2.82760000000000211173e+02);
INSERT INTO "FAIT_RECETTE_RADIO" VALUES(357,179,2,1260.0);
INSERT INTO "FAIT_RECETTE_RADIO" VALUES(358,179,1,1.41380000000000105586e+02);
INSERT INTO "FAIT_RECETTE_RADIO" VALUES(359,180,2,1800.0);
INSERT INTO "FAIT_RECETTE_RADIO" VALUES(360,180,1,8.0);
INSERT INTO "FAIT_RECETTE_RADIO" VALUES(361,181,2,1710.0);
INSERT INTO "FAIT_RECETTE_RADIO" VALUES(362,181,1,12.0);
INSERT INTO "FAIT_RECETTE_RADIO" VALUES(363,182,2,0.0);
INSERT INTO "FAIT_RECETTE_RADIO" VALUES(364,182,1,0.0);
INSERT INTO "FAIT_RECETTE_RADIO" VALUES(365,183,2,1440.0);
INSERT INTO "FAIT_RECETTE_RADIO" VALUES(366,183,1,0.0);
INSERT INTO "FAIT_RECETTE_RADIO" VALUES(367,184,2,2160.0);
INSERT INTO "FAIT_RECETTE_RADIO" VALUES(368,184,1,2.12070000000000202788e+02);
INSERT INTO "FAIT_RECETTE_RADIO" VALUES(369,185,2,1080.0);
INSERT INTO "FAIT_RECETTE_RADIO" VALUES(370,185,1,2.12069999999999891926e+02);
INSERT INTO "FAIT_RECETTE_RADIO" VALUES(371,186,2,1440.0);
INSERT INTO "FAIT_RECETTE_RADIO" VALUES(372,186,1,1.41380000000000105586e+02);
INSERT INTO "FAIT_RECETTE_RADIO" VALUES(373,187,2,1890.0);
INSERT INTO "FAIT_RECETTE_RADIO" VALUES(374,187,1,2.12070000000000202788e+02);
INSERT INTO "FAIT_RECETTE_RADIO" VALUES(375,188,2,1800.0);
INSERT INTO "FAIT_RECETTE_RADIO" VALUES(376,188,1,1.12069999999999891926e+02);
INSERT INTO "FAIT_RECETTE_RADIO" VALUES(377,189,2,0.0);
INSERT INTO "FAIT_RECETTE_RADIO" VALUES(378,189,1,0.0);
INSERT INTO "FAIT_RECETTE_RADIO" VALUES(379,190,2,0.0);
INSERT INTO "FAIT_RECETTE_RADIO" VALUES(380,190,1,0.0);
INSERT INTO "FAIT_RECETTE_RADIO" VALUES(381,191,2,0.0);
INSERT INTO "FAIT_RECETTE_RADIO" VALUES(382,191,1,0.0);
INSERT INTO "FAIT_RECETTE_RADIO" VALUES(383,192,2,3330.0);
INSERT INTO "FAIT_RECETTE_RADIO" VALUES(384,192,1,2.70700000000001583799e+01);
INSERT INTO "FAIT_RECETTE_RADIO" VALUES(385,193,2,1350.0);
INSERT INTO "FAIT_RECETTE_RADIO" VALUES(386,193,1,1.41380000000000105586e+02);
INSERT INTO "FAIT_RECETTE_RADIO" VALUES(387,194,2,1440.0);
INSERT INTO "FAIT_RECETTE_RADIO" VALUES(388,194,1,7.06900000000000527933e+01);
INSERT INTO "FAIT_RECETTE_RADIO" VALUES(389,195,2,1800.0);
INSERT INTO "FAIT_RECETTE_RADIO" VALUES(390,195,1,1.41380000000000105586e+02);
INSERT INTO "FAIT_RECETTE_RADIO" VALUES(391,196,2,2160.0);
INSERT INTO "FAIT_RECETTE_RADIO" VALUES(392,196,1,2.12070000000000202788e+02);
INSERT INTO "FAIT_RECETTE_RADIO" VALUES(393,197,2,1620.0);
INSERT INTO "FAIT_RECETTE_RADIO" VALUES(394,197,1,1.41380000000000105586e+02);
INSERT INTO "FAIT_RECETTE_RADIO" VALUES(395,198,2,1710.0);
INSERT INTO "FAIT_RECETTE_RADIO" VALUES(396,198,1,4.2413999999999987267e+02);
INSERT INTO "FAIT_RECETTE_RADIO" VALUES(397,199,2,540.0);
INSERT INTO "FAIT_RECETTE_RADIO" VALUES(398,199,1,7.06900000000000527933e+01);
INSERT INTO "FAIT_RECETTE_RADIO" VALUES(399,200,2,1530.0);
INSERT INTO "FAIT_RECETTE_RADIO" VALUES(400,200,1,282.76);
INSERT INTO "FAIT_RECETTE_RADIO" VALUES(401,201,2,900.0);
INSERT INTO "FAIT_RECETTE_RADIO" VALUES(402,201,1,1.41380000000000105586e+02);
INSERT INTO "FAIT_RECETTE_RADIO" VALUES(403,202,2,2160.0);
INSERT INTO "FAIT_RECETTE_RADIO" VALUES(404,202,1,4.2413999999999987267e+02);
INSERT INTO "FAIT_RECETTE_RADIO" VALUES(405,203,2,1260.0);
INSERT INTO "FAIT_RECETTE_RADIO" VALUES(406,203,1,4.94829999999999969872e+02);
INSERT INTO "FAIT_RECETTE_RADIO" VALUES(407,204,2,1800.0);
INSERT INTO "FAIT_RECETTE_RADIO" VALUES(408,204,1,4.2413999999999987267e+02);
INSERT INTO "FAIT_RECETTE_RADIO" VALUES(409,205,2,1710.0);
INSERT INTO "FAIT_RECETTE_RADIO" VALUES(410,205,1,1.41380000000000105586e+02);
INSERT INTO "FAIT_RECETTE_RADIO" VALUES(411,206,2,900.0);
INSERT INTO "FAIT_RECETTE_RADIO" VALUES(412,206,1,282.76);
INSERT INTO "FAIT_RECETTE_RADIO" VALUES(413,207,2,0.0);
INSERT INTO "FAIT_RECETTE_RADIO" VALUES(414,207,1,0.0);
INSERT INTO "FAIT_RECETTE_RADIO" VALUES(415,208,2,1800.0);
INSERT INTO "FAIT_RECETTE_RADIO" VALUES(416,208,1,2.12069999999999891926e+02);
INSERT INTO "FAIT_RECETTE_RADIO" VALUES(417,209,2,360.0);
INSERT INTO "FAIT_RECETTE_RADIO" VALUES(418,209,1,70.69);
INSERT INTO "FAIT_RECETTE_RADIO" VALUES(419,210,2,2430.0);
INSERT INTO "FAIT_RECETTE_RADIO" VALUES(420,210,1,7.06900000000000083844e+02);
INSERT INTO "FAIT_RECETTE_RADIO" VALUES(421,211,2,1890.0);
INSERT INTO "FAIT_RECETTE_RADIO" VALUES(422,211,1,4.2413999999999987267e+02);
INSERT INTO "FAIT_RECETTE_RADIO" VALUES(423,212,2,0.0);
INSERT INTO "FAIT_RECETTE_RADIO" VALUES(424,212,1,0.0);
INSERT INTO "FAIT_RECETTE_RADIO" VALUES(425,213,2,0.0);
INSERT INTO "FAIT_RECETTE_RADIO" VALUES(426,213,1,0.0);
INSERT INTO "FAIT_RECETTE_RADIO" VALUES(427,214,2,1980.0);
INSERT INTO "FAIT_RECETTE_RADIO" VALUES(428,214,1,4.2413999999999987267e+02);
INSERT INTO "FAIT_RECETTE_RADIO" VALUES(429,215,2,1800.0);
INSERT INTO "FAIT_RECETTE_RADIO" VALUES(430,215,1,2.12069999999999891926e+02);
INSERT INTO "FAIT_RECETTE_RADIO" VALUES(431,216,2,1350.0);
INSERT INTO "FAIT_RECETTE_RADIO" VALUES(432,216,1,4.94829999999999969872e+02);
INSERT INTO "FAIT_RECETTE_RADIO" VALUES(433,217,2,900.0);
INSERT INTO "FAIT_RECETTE_RADIO" VALUES(434,217,1,7.06900000000000083844e+02);
INSERT INTO "FAIT_RECETTE_RADIO" VALUES(435,218,2,1170.0);
INSERT INTO "FAIT_RECETTE_RADIO" VALUES(436,218,1,7.77589999999999914592e+02);
INSERT INTO "FAIT_RECETTE_RADIO" VALUES(437,219,2,1080.0);
INSERT INTO "FAIT_RECETTE_RADIO" VALUES(438,219,1,918.97);
INSERT INTO "FAIT_RECETTE_RADIO" VALUES(439,220,2,630.0);
INSERT INTO "FAIT_RECETTE_RADIO" VALUES(440,220,1,9.89659999999999939745e+02);
INSERT INTO "FAIT_RECETTE_RADIO" VALUES(441,221,2,990.0);
INSERT INTO "FAIT_RECETTE_RADIO" VALUES(442,221,1,7.06900000000000083844e+02);
INSERT INTO "FAIT_RECETTE_RADIO" VALUES(443,222,2,0.0);
INSERT INTO "FAIT_RECETTE_RADIO" VALUES(444,222,1,0.0);
INSERT INTO "FAIT_RECETTE_RADIO" VALUES(445,223,2,630.0);
INSERT INTO "FAIT_RECETTE_RADIO" VALUES(446,223,1,6.46379999999999910187e+02);
INSERT INTO "FAIT_RECETTE_RADIO" VALUES(447,224,2,1530.0);
INSERT INTO "FAIT_RECETTE_RADIO" VALUES(448,224,1,1077.3);
INSERT INTO "FAIT_RECETTE_RADIO" VALUES(449,225,2,1620.0);
INSERT INTO "FAIT_RECETTE_RADIO" VALUES(450,225,1,215.46);
INSERT INTO "FAIT_RECETTE_RADIO" VALUES(451,226,2,990.0);
INSERT INTO "FAIT_RECETTE_RADIO" VALUES(452,226,1,287.28);
INSERT INTO "FAIT_RECETTE_RADIO" VALUES(453,227,2,1530.0);
INSERT INTO "FAIT_RECETTE_RADIO" VALUES(454,227,1,4.30920000000000058548e+02);
INSERT INTO "FAIT_RECETTE_RADIO" VALUES(455,228,2,900.0);
INSERT INTO "FAIT_RECETTE_RADIO" VALUES(456,228,1,1.43639999999999901092e+02);
INSERT INTO "FAIT_RECETTE_RADIO" VALUES(457,229,2,2340.0);
INSERT INTO "FAIT_RECETTE_RADIO" VALUES(458,229,1,2.87279999999999660076e+02);
INSERT INTO "FAIT_RECETTE_RADIO" VALUES(459,230,2,1980.0);
INSERT INTO "FAIT_RECETTE_RADIO" VALUES(460,230,1,1.43639999999999901092e+02);
INSERT INTO "FAIT_RECETTE_RADIO" VALUES(461,231,2,1080.0);
INSERT INTO "FAIT_RECETTE_RADIO" VALUES(462,231,1,4.30920000000000058548e+02);
INSERT INTO "FAIT_RECETTE_RADIO" VALUES(463,232,2,2070.0);
INSERT INTO "FAIT_RECETTE_RADIO" VALUES(464,232,1,5.02739999999999742641e+02);
INSERT INTO "FAIT_RECETTE_RADIO" VALUES(465,233,2,1620.0);
INSERT INTO "FAIT_RECETTE_RADIO" VALUES(466,233,1,7.18199999999999327826e+01);
INSERT INTO "FAIT_RECETTE_RADIO" VALUES(467,234,2,1170.0);
INSERT INTO "FAIT_RECETTE_RADIO" VALUES(468,234,1,215.46);
INSERT INTO "FAIT_RECETTE_RADIO" VALUES(469,235,2,2520.0);
INSERT INTO "FAIT_RECETTE_RADIO" VALUES(470,235,1,4.30920000000000058548e+02);
INSERT INTO "FAIT_RECETTE_RADIO" VALUES(471,236,2,2340.0);
INSERT INTO "FAIT_RECETTE_RADIO" VALUES(472,236,1,7.1820000000000163709e+01);
INSERT INTO "FAIT_RECETTE_RADIO" VALUES(473,237,2,1350.0);
INSERT INTO "FAIT_RECETTE_RADIO" VALUES(474,237,1,7.18199999999999327826e+01);
INSERT INTO "FAIT_RECETTE_RADIO" VALUES(475,238,2,2070.0);
INSERT INTO "FAIT_RECETTE_RADIO" VALUES(476,238,1,7.1820000000000163709e+01);
INSERT INTO "FAIT_RECETTE_RADIO" VALUES(477,239,2,540.0);
INSERT INTO "FAIT_RECETTE_RADIO" VALUES(478,239,1,3.59099999999999930366e+02);
INSERT INTO "FAIT_RECETTE_RADIO" VALUES(479,240,2,1710.0);
INSERT INTO "FAIT_RECETTE_RADIO" VALUES(480,240,1,120.46);
INSERT INTO "FAIT_RECETTE_RADIO" VALUES(481,241,2,0.0);
INSERT INTO "FAIT_RECETTE_RADIO" VALUES(482,241,1,0.0);
INSERT INTO "FAIT_RECETTE_RADIO" VALUES(483,242,2,0.0);
INSERT INTO "FAIT_RECETTE_RADIO" VALUES(484,242,1,0.0);
INSERT INTO "FAIT_RECETTE_RADIO" VALUES(485,243,2,1260.0);
INSERT INTO "FAIT_RECETTE_RADIO" VALUES(486,243,1,6.46380000000000087823e+02);
INSERT INTO "FAIT_RECETTE_RADIO" VALUES(487,244,2,1530.0);
INSERT INTO "FAIT_RECETTE_RADIO" VALUES(488,244,1,4.30920000000000058548e+02);
INSERT INTO "FAIT_RECETTE_RADIO" VALUES(489,245,2,720.0);
INSERT INTO "FAIT_RECETTE_RADIO" VALUES(490,245,1,143.64);
INSERT INTO "FAIT_RECETTE_RADIO" VALUES(491,246,2,2880.0);
INSERT INTO "FAIT_RECETTE_RADIO" VALUES(492,246,1,2.87279999999999660076e+02);
INSERT INTO "FAIT_RECETTE_RADIO" VALUES(493,247,2,1980.0);
INSERT INTO "FAIT_RECETTE_RADIO" VALUES(494,247,1,215.46);
INSERT INTO "FAIT_RECETTE_RADIO" VALUES(495,248,2,1530.0);
INSERT INTO "FAIT_RECETTE_RADIO" VALUES(496,248,1,3.59099999999999930366e+02);
INSERT INTO "FAIT_RECETTE_RADIO" VALUES(497,249,2,1980.0);
INSERT INTO "FAIT_RECETTE_RADIO" VALUES(498,249,1,1.43639999999999901092e+02);
INSERT INTO "FAIT_RECETTE_RADIO" VALUES(499,250,2,2880.0);
INSERT INTO "FAIT_RECETTE_RADIO" VALUES(500,250,1,1.43639999999999901092e+02);
INSERT INTO "FAIT_RECETTE_RADIO" VALUES(501,251,2,1350.0);
INSERT INTO "FAIT_RECETTE_RADIO" VALUES(502,251,1,4.30920000000000058548e+02);
INSERT INTO "FAIT_RECETTE_RADIO" VALUES(503,252,2,1800.0);
INSERT INTO "FAIT_RECETTE_RADIO" VALUES(504,252,1,3.59099999999999930366e+02);
INSERT INTO "FAIT_RECETTE_RADIO" VALUES(505,253,2,1980.0);
INSERT INTO "FAIT_RECETTE_RADIO" VALUES(506,253,1,0.0);
INSERT INTO "FAIT_RECETTE_RADIO" VALUES(507,254,2,630.0);
INSERT INTO "FAIT_RECETTE_RADIO" VALUES(508,254,1,7.18199999999999327826e+01);
INSERT INTO "FAIT_RECETTE_RADIO" VALUES(509,255,2,1440.0);
INSERT INTO "FAIT_RECETTE_RADIO" VALUES(510,255,1,1.43639999999999901092e+02);
INSERT INTO "FAIT_RECETTE_RADIO" VALUES(511,256,2,2250.0);
INSERT INTO "FAIT_RECETTE_RADIO" VALUES(512,256,1,1.43639999999999901092e+02);
INSERT INTO "FAIT_RECETTE_RADIO" VALUES(513,257,2,1530.0);
INSERT INTO "FAIT_RECETTE_RADIO" VALUES(514,257,1,1.43640000000000096491e+02);
INSERT INTO "FAIT_RECETTE_RADIO" VALUES(515,258,2,1710.0);
INSERT INTO "FAIT_RECETTE_RADIO" VALUES(516,258,1,4.30920000000000058548e+02);
INSERT INTO "FAIT_RECETTE_RADIO" VALUES(517,259,2,1530.0);
INSERT INTO "FAIT_RECETTE_RADIO" VALUES(518,259,1,1.43639999999999901092e+02);
INSERT INTO "FAIT_RECETTE_RADIO" VALUES(519,260,2,0.0);
INSERT INTO "FAIT_RECETTE_RADIO" VALUES(520,260,1,0.0);
INSERT INTO "FAIT_RECETTE_RADIO" VALUES(521,261,2,0.0);
INSERT INTO "FAIT_RECETTE_RADIO" VALUES(522,261,1,0.0);
INSERT INTO "FAIT_RECETTE_RADIO" VALUES(523,262,2,1530.0);
INSERT INTO "FAIT_RECETTE_RADIO" VALUES(524,262,1,71.82);
INSERT INTO "FAIT_RECETTE_RADIO" VALUES(525,263,2,2250.0);
INSERT INTO "FAIT_RECETTE_RADIO" VALUES(526,263,1,143.64);
INSERT INTO "FAIT_RECETTE_RADIO" VALUES(527,264,2,2790.0);
INSERT INTO "FAIT_RECETTE_RADIO" VALUES(528,264,1,143.64);
INSERT INTO "FAIT_RECETTE_RADIO" VALUES(529,265,2,2790.0);
INSERT INTO "FAIT_RECETTE_RADIO" VALUES(530,265,1,71.82);
INSERT INTO "FAIT_RECETTE_RADIO" VALUES(531,266,2,0.0);
INSERT INTO "FAIT_RECETTE_RADIO" VALUES(532,266,1,0.0);
INSERT INTO "FAIT_RECETTE_RADIO" VALUES(533,267,2,1530.0);
INSERT INTO "FAIT_RECETTE_RADIO" VALUES(534,267,1,359.1);
INSERT INTO "FAIT_RECETTE_RADIO" VALUES(535,268,2,2070.0);
INSERT INTO "FAIT_RECETTE_RADIO" VALUES(536,268,1,215.46);
INSERT INTO "FAIT_RECETTE_RADIO" VALUES(537,269,2,1440.0);
INSERT INTO "FAIT_RECETTE_RADIO" VALUES(538,269,1,215.46);
INSERT INTO "FAIT_RECETTE_RADIO" VALUES(539,270,2,3060.0);
INSERT INTO "FAIT_RECETTE_RADIO" VALUES(540,270,1,502.74);
INSERT INTO "FAIT_RECETTE_RADIO" VALUES(541,271,2,810.0);
INSERT INTO "FAIT_RECETTE_RADIO" VALUES(542,271,1,71.82);
INSERT INTO "FAIT_RECETTE_RADIO" VALUES(543,272,2,1800.0);
INSERT INTO "FAIT_RECETTE_RADIO" VALUES(544,272,1,215.46);
INSERT INTO "FAIT_RECETTE_RADIO" VALUES(545,273,2,1620.0);
INSERT INTO "FAIT_RECETTE_RADIO" VALUES(546,273,1,71.82);
INSERT INTO "FAIT_RECETTE_RADIO" VALUES(547,274,2,1620.0);
INSERT INTO "FAIT_RECETTE_RADIO" VALUES(548,274,1,287.28);
INSERT INTO "FAIT_RECETTE_RADIO" VALUES(549,275,2,1260.0);
INSERT INTO "FAIT_RECETTE_RADIO" VALUES(550,275,1,143.64);
INSERT INTO "FAIT_RECETTE_RADIO" VALUES(551,276,2,2790.0);
INSERT INTO "FAIT_RECETTE_RADIO" VALUES(552,276,1,71.82);
INSERT INTO "FAIT_RECETTE_RADIO" VALUES(553,277,2,990.0);
INSERT INTO "FAIT_RECETTE_RADIO" VALUES(554,277,1,215.46);
INSERT INTO "FAIT_RECETTE_RADIO" VALUES(555,278,2,1350.0);
INSERT INTO "FAIT_RECETTE_RADIO" VALUES(556,278,1,359.1);
INSERT INTO "FAIT_RECETTE_RADIO" VALUES(557,279,2,1350.0);
INSERT INTO "FAIT_RECETTE_RADIO" VALUES(558,279,1,71.82);
INSERT INTO "FAIT_RECETTE_RADIO" VALUES(559,280,2,1710.0);
INSERT INTO "FAIT_RECETTE_RADIO" VALUES(560,280,1,215.46);
INSERT INTO "FAIT_RECETTE_RADIO" VALUES(561,281,2,900.0);
INSERT INTO "FAIT_RECETTE_RADIO" VALUES(562,281,1,215.46);
INSERT INTO "FAIT_RECETTE_RADIO" VALUES(563,282,2,990.0);
INSERT INTO "FAIT_RECETTE_RADIO" VALUES(564,282,1,143.64);
INSERT INTO "FAIT_RECETTE_RADIO" VALUES(565,283,2,1080.0);
INSERT INTO "FAIT_RECETTE_RADIO" VALUES(566,283,1,0.0);
INSERT INTO "FAIT_RECETTE_RADIO" VALUES(567,284,2,0.0);
INSERT INTO "FAIT_RECETTE_RADIO" VALUES(568,284,1,0.0);
INSERT INTO "FAIT_RECETTE_RADIO" VALUES(569,285,2,1800.0);
INSERT INTO "FAIT_RECETTE_RADIO" VALUES(570,285,1,0.0);
INSERT INTO "FAIT_RECETTE_RADIO" VALUES(571,286,2,1620.0);
INSERT INTO "FAIT_RECETTE_RADIO" VALUES(572,286,1,287.28);
INSERT INTO "FAIT_RECETTE_RADIO" VALUES(573,287,2,1620.0);
INSERT INTO "FAIT_RECETTE_RADIO" VALUES(574,287,1,215.46);
INSERT INTO "FAIT_RECETTE_RADIO" VALUES(575,288,2,1620.0);
INSERT INTO "FAIT_RECETTE_RADIO" VALUES(576,288,1,215.46);
INSERT INTO "FAIT_RECETTE_RADIO" VALUES(577,289,2,990.0);
INSERT INTO "FAIT_RECETTE_RADIO" VALUES(578,289,1,143.64);
INSERT INTO "FAIT_RECETTE_RADIO" VALUES(579,290,2,1620.0);
INSERT INTO "FAIT_RECETTE_RADIO" VALUES(580,290,1,143.64);
INSERT INTO "FAIT_RECETTE_RADIO" VALUES(581,291,2,0.0);
INSERT INTO "FAIT_RECETTE_RADIO" VALUES(582,291,1,0.0);
INSERT INTO "FAIT_RECETTE_RADIO" VALUES(583,292,2,1350.0);
INSERT INTO "FAIT_RECETTE_RADIO" VALUES(584,292,1,7.18199999999999949551e+02);
INSERT INTO "FAIT_RECETTE_RADIO" VALUES(585,293,2,0.0);
INSERT INTO "FAIT_RECETTE_RADIO" VALUES(586,293,1,0.0);
INSERT INTO "FAIT_RECETTE_RADIO" VALUES(587,294,2,0.0);
INSERT INTO "FAIT_RECETTE_RADIO" VALUES(588,294,1,0.0);
INSERT INTO "FAIT_RECETTE_RADIO" VALUES(589,295,2,0.0);
INSERT INTO "FAIT_RECETTE_RADIO" VALUES(590,295,1,0.0);
INSERT INTO "FAIT_RECETTE_RADIO" VALUES(591,296,2,1800.0);
INSERT INTO "FAIT_RECETTE_RADIO" VALUES(592,296,1,287.28);
INSERT INTO "FAIT_RECETTE_RADIO" VALUES(593,297,2,1710.0);
INSERT INTO "FAIT_RECETTE_RADIO" VALUES(594,297,1,143.64);
INSERT INTO "FAIT_RECETTE_RADIO" VALUES(595,298,2,1800.0);
INSERT INTO "FAIT_RECETTE_RADIO" VALUES(596,298,1,143.64);
INSERT INTO "FAIT_RECETTE_RADIO" VALUES(597,299,2,2160.0);
INSERT INTO "FAIT_RECETTE_RADIO" VALUES(598,299,1,143.64);
INSERT INTO "FAIT_RECETTE_RADIO" VALUES(599,300,2,1890.0);
INSERT INTO "FAIT_RECETTE_RADIO" VALUES(600,300,1,359.1);
INSERT INTO "FAIT_RECETTE_RADIO" VALUES(601,301,2,1530.0);
INSERT INTO "FAIT_RECETTE_RADIO" VALUES(602,301,1,287.28);
INSERT INTO "FAIT_RECETTE_RADIO" VALUES(603,302,2,1980.0);
INSERT INTO "FAIT_RECETTE_RADIO" VALUES(604,302,1,287.28);
INSERT INTO "FAIT_RECETTE_RADIO" VALUES(605,303,2,1440.0);
INSERT INTO "FAIT_RECETTE_RADIO" VALUES(606,303,1,71.82);
INSERT INTO "FAIT_RECETTE_RADIO" VALUES(607,304,2,1980.0);
INSERT INTO "FAIT_RECETTE_RADIO" VALUES(608,304,1,359.1);
INSERT INTO "FAIT_RECETTE_RADIO" VALUES(609,305,2,630.0);
INSERT INTO "FAIT_RECETTE_RADIO" VALUES(610,305,1,215.46);
INSERT INTO "FAIT_RECETTE_RADIO" VALUES(611,306,2,1440.0);
INSERT INTO "FAIT_RECETTE_RADIO" VALUES(612,306,1,215.46);
INSERT INTO "FAIT_RECETTE_RADIO" VALUES(613,307,2,2160.0);
INSERT INTO "FAIT_RECETTE_RADIO" VALUES(614,307,1,71.82);
INSERT INTO "FAIT_RECETTE_RADIO" VALUES(615,308,2,1080.0);
INSERT INTO "FAIT_RECETTE_RADIO" VALUES(616,308,1,215.46);
INSERT INTO "FAIT_RECETTE_RADIO" VALUES(617,309,2,1350.0);
INSERT INTO "FAIT_RECETTE_RADIO" VALUES(618,309,1,215.46);
INSERT INTO "FAIT_RECETTE_RADIO" VALUES(619,310,2,1530.0);
INSERT INTO "FAIT_RECETTE_RADIO" VALUES(620,310,1,287.28);
INSERT INTO "FAIT_RECETTE_RADIO" VALUES(621,311,2,450.0);
INSERT INTO "FAIT_RECETTE_RADIO" VALUES(622,311,1,71.82);
INSERT INTO "FAIT_RECETTE_RADIO" VALUES(623,312,2,0.0);
INSERT INTO "FAIT_RECETTE_RADIO" VALUES(624,312,1,0.0);
INSERT INTO "FAIT_RECETTE_RADIO" VALUES(625,313,2,0.0);
INSERT INTO "FAIT_RECETTE_RADIO" VALUES(626,313,1,0.0);
INSERT INTO "FAIT_RECETTE_RADIO" VALUES(627,314,2,2430.0);
INSERT INTO "FAIT_RECETTE_RADIO" VALUES(628,314,1,143.64);
INSERT INTO "FAIT_RECETTE_RADIO" VALUES(629,315,2,2340.0);
INSERT INTO "FAIT_RECETTE_RADIO" VALUES(630,315,1,143.64);
INSERT INTO "FAIT_RECETTE_RADIO" VALUES(631,316,2,1890.0);
INSERT INTO "FAIT_RECETTE_RADIO" VALUES(632,316,1,71.82);
INSERT INTO "FAIT_RECETTE_RADIO" VALUES(633,317,2,720.0);
INSERT INTO "FAIT_RECETTE_RADIO" VALUES(634,317,1,143.64);
INSERT INTO "FAIT_RECETTE_RADIO" VALUES(635,318,2,1260.0);
INSERT INTO "FAIT_RECETTE_RADIO" VALUES(636,318,1,287.28);
INSERT INTO "FAIT_RECETTE_RADIO" VALUES(637,319,2,1800.0);
INSERT INTO "FAIT_RECETTE_RADIO" VALUES(638,319,1,287.28);
INSERT INTO "FAIT_RECETTE_RADIO" VALUES(639,320,2,1800.0);
INSERT INTO "FAIT_RECETTE_RADIO" VALUES(640,320,1,143.64);
INSERT INTO "FAIT_RECETTE_RADIO" VALUES(641,321,2,990.0);
INSERT INTO "FAIT_RECETTE_RADIO" VALUES(642,321,1,215.46);
INSERT INTO "FAIT_RECETTE_RADIO" VALUES(643,322,2,1620.0);
INSERT INTO "FAIT_RECETTE_RADIO" VALUES(644,322,1,287.28);
INSERT INTO "FAIT_RECETTE_RADIO" VALUES(645,323,2,1980.0);
INSERT INTO "FAIT_RECETTE_RADIO" VALUES(646,323,1,359.1);
INSERT INTO "FAIT_RECETTE_RADIO" VALUES(647,324,2,0.0);
INSERT INTO "FAIT_RECETTE_RADIO" VALUES(648,324,1,0.0);
INSERT INTO "FAIT_RECETTE_RADIO" VALUES(649,325,2,1710.0);
INSERT INTO "FAIT_RECETTE_RADIO" VALUES(650,325,1,143.64);
INSERT INTO "FAIT_RECETTE_RADIO" VALUES(651,326,2,1710.0);
INSERT INTO "FAIT_RECETTE_RADIO" VALUES(652,326,1,287.28);
INSERT INTO "FAIT_RECETTE_RADIO" VALUES(653,327,2,1800.0);
INSERT INTO "FAIT_RECETTE_RADIO" VALUES(654,327,1,215.46);
INSERT INTO "FAIT_RECETTE_RADIO" VALUES(655,328,2,900.0);
INSERT INTO "FAIT_RECETTE_RADIO" VALUES(656,328,1,359.1);
INSERT INTO "FAIT_RECETTE_RADIO" VALUES(657,329,2,1350.0);
INSERT INTO "FAIT_RECETTE_RADIO" VALUES(658,329,1,143.64);
INSERT INTO "FAIT_RECETTE_RADIO" VALUES(659,330,2,2070.0);
INSERT INTO "FAIT_RECETTE_RADIO" VALUES(660,330,1,0.0);
INSERT INTO "FAIT_RECETTE_RADIO" VALUES(661,331,2,0.0);
INSERT INTO "FAIT_RECETTE_RADIO" VALUES(662,331,1,0.0);
INSERT INTO "FAIT_RECETTE_RADIO" VALUES(663,332,2,2250.0);
INSERT INTO "FAIT_RECETTE_RADIO" VALUES(664,332,1,430.92);
INSERT INTO "FAIT_RECETTE_RADIO" VALUES(665,333,2,720.0);
INSERT INTO "FAIT_RECETTE_RADIO" VALUES(666,333,1,0.0);
INSERT INTO "FAIT_RECETTE_RADIO" VALUES(667,334,2,1440.0);
INSERT INTO "FAIT_RECETTE_RADIO" VALUES(668,334,1,502.74);
INSERT INTO "FAIT_RECETTE_RADIO" VALUES(669,335,2,1260.0);
INSERT INTO "FAIT_RECETTE_RADIO" VALUES(670,335,1,8.61839999999999939461e+02);
INSERT INTO "FAIT_RECETTE_RADIO" VALUES(671,336,2,810.0);
INSERT INTO "FAIT_RECETTE_RADIO" VALUES(672,336,1,0.0);
INSERT INTO "FAIT_RECETTE_RADIO" VALUES(673,337,2,1890.0);
INSERT INTO "FAIT_RECETTE_RADIO" VALUES(674,337,1,215.46);
INSERT INTO "FAIT_RECETTE_RADIO" VALUES(675,338,2,1980.0);
INSERT INTO "FAIT_RECETTE_RADIO" VALUES(676,338,1,71.82);
INSERT INTO "FAIT_RECETTE_RADIO" VALUES(677,339,2,1080.0);
INSERT INTO "FAIT_RECETTE_RADIO" VALUES(678,339,1,287.28);
INSERT INTO "FAIT_RECETTE_RADIO" VALUES(679,340,2,1440.0);
INSERT INTO "FAIT_RECETTE_RADIO" VALUES(680,340,1,430.92);
INSERT INTO "FAIT_RECETTE_RADIO" VALUES(681,341,2,1440.0);
INSERT INTO "FAIT_RECETTE_RADIO" VALUES(682,341,1,0.0);
INSERT INTO "FAIT_RECETTE_RADIO" VALUES(683,342,2,1170.0);
INSERT INTO "FAIT_RECETTE_RADIO" VALUES(684,342,1,215.46);
INSERT INTO "FAIT_RECETTE_RADIO" VALUES(685,343,2,1620.0);
INSERT INTO "FAIT_RECETTE_RADIO" VALUES(686,343,1,0.0);
INSERT INTO "FAIT_RECETTE_RADIO" VALUES(687,344,2,1080.0);
INSERT INTO "FAIT_RECETTE_RADIO" VALUES(688,344,1,215.46);
INSERT INTO "FAIT_RECETTE_RADIO" VALUES(689,345,2,0.0);
INSERT INTO "FAIT_RECETTE_RADIO" VALUES(690,345,1,0.0);
INSERT INTO "FAIT_RECETTE_RADIO" VALUES(691,346,2,0.0);
INSERT INTO "FAIT_RECETTE_RADIO" VALUES(692,346,1,0.0);
INSERT INTO "FAIT_RECETTE_RADIO" VALUES(693,347,2,0.0);
INSERT INTO "FAIT_RECETTE_RADIO" VALUES(694,347,1,0.0);
INSERT INTO "FAIT_RECETTE_RADIO" VALUES(695,348,2,720.0);
INSERT INTO "FAIT_RECETTE_RADIO" VALUES(696,348,1,143.64);
INSERT INTO "FAIT_RECETTE_RADIO" VALUES(697,349,2,2160.0);
INSERT INTO "FAIT_RECETTE_RADIO" VALUES(698,349,1,143.64);
INSERT INTO "FAIT_RECETTE_RADIO" VALUES(699,350,2,1530.0);
INSERT INTO "FAIT_RECETTE_RADIO" VALUES(700,350,1,215.46);
INSERT INTO "FAIT_RECETTE_RADIO" VALUES(701,351,2,1170.0);
INSERT INTO "FAIT_RECETTE_RADIO" VALUES(702,351,1,215.46);
INSERT INTO "FAIT_RECETTE_RADIO" VALUES(703,352,2,0.0);
INSERT INTO "FAIT_RECETTE_RADIO" VALUES(704,352,1,0.0);
INSERT INTO "FAIT_RECETTE_RADIO" VALUES(705,353,2,1440.0);
INSERT INTO "FAIT_RECETTE_RADIO" VALUES(706,353,1,502.74);
INSERT INTO "FAIT_RECETTE_RADIO" VALUES(707,354,2,1980.0);
INSERT INTO "FAIT_RECETTE_RADIO" VALUES(708,354,1,359.1);
INSERT INTO "FAIT_RECETTE_RADIO" VALUES(709,355,2,0.0);
INSERT INTO "FAIT_RECETTE_RADIO" VALUES(710,355,1,0.0);
INSERT INTO "FAIT_RECETTE_RADIO" VALUES(711,356,2,0.0);
INSERT INTO "FAIT_RECETTE_RADIO" VALUES(712,356,1,0.0);
INSERT INTO "FAIT_RECETTE_RADIO" VALUES(713,357,2,0.0);
INSERT INTO "FAIT_RECETTE_RADIO" VALUES(714,357,1,0.0);
INSERT INTO "FAIT_RECETTE_RADIO" VALUES(715,358,2,0.0);
INSERT INTO "FAIT_RECETTE_RADIO" VALUES(716,358,1,0.0);
INSERT INTO "FAIT_RECETTE_RADIO" VALUES(717,359,2,900.0);
INSERT INTO "FAIT_RECETTE_RADIO" VALUES(718,359,1,359.1);
INSERT INTO "FAIT_RECETTE_RADIO" VALUES(719,360,2,1170.0);
INSERT INTO "FAIT_RECETTE_RADIO" VALUES(720,360,1,287.28);
INSERT INTO "FAIT_RECETTE_RADIO" VALUES(721,361,2,1440.0);
INSERT INTO "FAIT_RECETTE_RADIO" VALUES(722,361,1,215.46);
INSERT INTO "FAIT_RECETTE_RADIO" VALUES(723,362,2,1440.0);
INSERT INTO "FAIT_RECETTE_RADIO" VALUES(724,362,1,0.0);
INSERT INTO "FAIT_RECETTE_RADIO" VALUES(725,363,2,1710.0);
INSERT INTO "FAIT_RECETTE_RADIO" VALUES(726,363,1,215.46);
INSERT INTO "FAIT_RECETTE_RADIO" VALUES(727,364,2,990.0);
INSERT INTO "FAIT_RECETTE_RADIO" VALUES(728,364,1,287.28);
INSERT INTO "FAIT_RECETTE_RADIO" VALUES(729,365,2,0.0);
INSERT INTO "FAIT_RECETTE_RADIO" VALUES(730,365,1,0.0);
CREATE TABLE FAIT_RECETTE_SEMAINE (
    ID_SEMAINE INTEGER PRIMARY KEY,
    RECETTE_SEMAINE REAL,
    FOREIGN KEY (ID_SEMAINE) REFERENCES DIM_SEMAINE(ID_SEMAINE)
);
INSERT INTO "FAIT_RECETTE_SEMAINE" VALUES(1,6725.42);
INSERT INTO "FAIT_RECETTE_SEMAINE" VALUES(2,4.12413999999999969503e+03);
INSERT INTO "FAIT_RECETTE_SEMAINE" VALUES(3,6695.62);
INSERT INTO "FAIT_RECETTE_SEMAINE" VALUES(4,7.22704000000000057468e+03);
INSERT INTO "FAIT_RECETTE_SEMAINE" VALUES(5,6160.04);
INSERT INTO "FAIT_RECETTE_SEMAINE" VALUES(6,8.21711999999999953558e+03);
INSERT INTO "FAIT_RECETTE_SEMAINE" VALUES(7,6454.52);
INSERT INTO "FAIT_RECETTE_SEMAINE" VALUES(8,7899.18);
INSERT INTO "FAIT_RECETTE_SEMAINE" VALUES(9,171.0);
INSERT INTO "FAIT_RECETTE_SEMAINE" VALUES(10,7435.02);
INSERT INTO "FAIT_RECETTE_SEMAINE" VALUES(11,6527.92);
INSERT INTO "FAIT_RECETTE_SEMAINE" VALUES(12,6.70255999999999918514e+03);
INSERT INTO "FAIT_RECETTE_SEMAINE" VALUES(13,5848.08);
INSERT INTO "FAIT_RECETTE_SEMAINE" VALUES(14,7.4033300000000004104e+03);
INSERT INTO "FAIT_RECETTE_SEMAINE" VALUES(15,6384.46);
INSERT INTO "FAIT_RECETTE_SEMAINE" VALUES(16,6547.6);
INSERT INTO "FAIT_RECETTE_SEMAINE" VALUES(17,5243.44);
INSERT INTO "FAIT_RECETTE_SEMAINE" VALUES(18,5676.38);
INSERT INTO "FAIT_RECETTE_SEMAINE" VALUES(19,5.07229999999999936477e+03);
INSERT INTO "FAIT_RECETTE_SEMAINE" VALUES(20,7346.0);
INSERT INTO "FAIT_RECETTE_SEMAINE" VALUES(21,3594.66);
INSERT INTO "FAIT_RECETTE_SEMAINE" VALUES(22,7034.0);
INSERT INTO "FAIT_RECETTE_SEMAINE" VALUES(23,5240.65);
INSERT INTO "FAIT_RECETTE_SEMAINE" VALUES(24,6.86205999999999960436e+03);
INSERT INTO "FAIT_RECETTE_SEMAINE" VALUES(25,4.70379999999999931503e+03);
INSERT INTO "FAIT_RECETTE_SEMAINE" VALUES(26,6.4253899999999992687e+03);
INSERT INTO "FAIT_RECETTE_SEMAINE" VALUES(27,6.4253899999999992687e+03);
INSERT INTO "FAIT_RECETTE_SEMAINE" VALUES(28,5226.2);
INSERT INTO "FAIT_RECETTE_SEMAINE" VALUES(29,5.68698000000000014608e+03);
INSERT INTO "FAIT_RECETTE_SEMAINE" VALUES(30,6256.8);
INSERT INTO "FAIT_RECETTE_SEMAINE" VALUES(31,5364.0);
INSERT INTO "FAIT_RECETTE_SEMAINE" VALUES(32,5014.23);
INSERT INTO "FAIT_RECETTE_SEMAINE" VALUES(33,0.0);
INSERT INTO "FAIT_RECETTE_SEMAINE" VALUES(34,4402.5);
INSERT INTO "FAIT_RECETTE_SEMAINE" VALUES(35,2.96314000000000010714e+03);
INSERT INTO "FAIT_RECETTE_SEMAINE" VALUES(36,6996.28);
INSERT INTO "FAIT_RECETTE_SEMAINE" VALUES(37,5563.3);
INSERT INTO "FAIT_RECETTE_SEMAINE" VALUES(38,2.46739999999999959356e+03);
INSERT INTO "FAIT_RECETTE_SEMAINE" VALUES(39,7.15143999999999913086e+03);
INSERT INTO "FAIT_RECETTE_SEMAINE" VALUES(40,6.82009999999999916298e+03);
INSERT INTO "FAIT_RECETTE_SEMAINE" VALUES(41,6015.38);
INSERT INTO "FAIT_RECETTE_SEMAINE" VALUES(42,7117.34);
INSERT INTO "FAIT_RECETTE_SEMAINE" VALUES(43,6679.92);
INSERT INTO "FAIT_RECETTE_SEMAINE" VALUES(44,2862.41);
INSERT INTO "FAIT_RECETTE_SEMAINE" VALUES(45,6825.44);
INSERT INTO "FAIT_RECETTE_SEMAINE" VALUES(46,2.18351999999999968338e+03);
INSERT INTO "FAIT_RECETTE_SEMAINE" VALUES(47,5972.24);
INSERT INTO "FAIT_RECETTE_SEMAINE" VALUES(48,7331.0);
INSERT INTO "FAIT_RECETTE_SEMAINE" VALUES(49,5.26178000000000078983e+03);
INSERT INTO "FAIT_RECETTE_SEMAINE" VALUES(50,5.8555599999999996541e+03);
INSERT INTO "FAIT_RECETTE_SEMAINE" VALUES(51,4.15720000000000045048e+03);
INSERT INTO "FAIT_RECETTE_SEMAINE" VALUES(52,0.0);
INSERT INTO "FAIT_RECETTE_SEMAINE" VALUES(53,1617.58);
INSERT INTO "FAIT_RECETTE_SEMAINE" VALUES(54,8.36053999999999852832e+03);
INSERT INTO "FAIT_RECETTE_SEMAINE" VALUES(55,3132.42);
INSERT INTO "FAIT_RECETTE_SEMAINE" VALUES(56,8439.68);
INSERT INTO "FAIT_RECETTE_SEMAINE" VALUES(57,6917.0);
INSERT INTO "FAIT_RECETTE_SEMAINE" VALUES(58,7.26263999999999931844e+03);
INSERT INTO "FAIT_RECETTE_SEMAINE" VALUES(59,7.05561999999999933663e+03);
INSERT INTO "FAIT_RECETTE_SEMAINE" VALUES(60,8396.12);
INSERT INTO "FAIT_RECETTE_SEMAINE" VALUES(61,6134.0);
INSERT INTO "FAIT_RECETTE_SEMAINE" VALUES(62,8548.75);
INSERT INTO "FAIT_RECETTE_SEMAINE" VALUES(63,6042.42);
INSERT INTO "FAIT_RECETTE_SEMAINE" VALUES(64,7700.04);
INSERT INTO "FAIT_RECETTE_SEMAINE" VALUES(65,5489.1);
INSERT INTO "FAIT_RECETTE_SEMAINE" VALUES(66,5510.02);
INSERT INTO "FAIT_RECETTE_SEMAINE" VALUES(67,4741.72);
INSERT INTO "FAIT_RECETTE_SEMAINE" VALUES(68,8462.95);
INSERT INTO "FAIT_RECETTE_SEMAINE" VALUES(69,7319.41);
INSERT INTO "FAIT_RECETTE_SEMAINE" VALUES(70,2053.14);
INSERT INTO "FAIT_RECETTE_SEMAINE" VALUES(71,4.82421999999999950858e+03);
INSERT INTO "FAIT_RECETTE_SEMAINE" VALUES(72,4401.0);
INSERT INTO "FAIT_RECETTE_SEMAINE" VALUES(73,5.00336000000000069576e+03);
INSERT INTO "FAIT_RECETTE_SEMAINE" VALUES(74,7398.0);
INSERT INTO "FAIT_RECETTE_SEMAINE" VALUES(75,6.45329999999999959214e+03);
INSERT INTO "FAIT_RECETTE_SEMAINE" VALUES(76,6516.92);
INSERT INTO "FAIT_RECETTE_SEMAINE" VALUES(77,4823.8);
INSERT INTO "FAIT_RECETTE_SEMAINE" VALUES(78,7019.5);
INSERT INTO "FAIT_RECETTE_SEMAINE" VALUES(79,2.89252000000000073498e+03);
INSERT INTO "FAIT_RECETTE_SEMAINE" VALUES(80,3132.5);
INSERT INTO "FAIT_RECETTE_SEMAINE" VALUES(81,4370.64);
INSERT INTO "FAIT_RECETTE_SEMAINE" VALUES(82,4317.0);
INSERT INTO "FAIT_RECETTE_SEMAINE" VALUES(83,6776.0);
INSERT INTO "FAIT_RECETTE_SEMAINE" VALUES(84,6697.22);
INSERT INTO "FAIT_RECETTE_SEMAINE" VALUES(85,0.0);
INSERT INTO "FAIT_RECETTE_SEMAINE" VALUES(86,0.0);
INSERT INTO "FAIT_RECETTE_SEMAINE" VALUES(87,0.0);
INSERT INTO "FAIT_RECETTE_SEMAINE" VALUES(88,7106.76);
INSERT INTO "FAIT_RECETTE_SEMAINE" VALUES(89,5.5884610600000002023e+03);
INSERT INTO "FAIT_RECETTE_SEMAINE" VALUES(90,7.00230999999999959015e+03);
INSERT INTO "FAIT_RECETTE_SEMAINE" VALUES(91,6265.18);
INSERT INTO "FAIT_RECETTE_SEMAINE" VALUES(92,3438.98);
INSERT INTO "FAIT_RECETTE_SEMAINE" VALUES(93,6202.69);
INSERT INTO "FAIT_RECETTE_SEMAINE" VALUES(94,7501.67);
INSERT INTO "FAIT_RECETTE_SEMAINE" VALUES(95,7962.62);
INSERT INTO "FAIT_RECETTE_SEMAINE" VALUES(96,0.0);
INSERT INTO "FAIT_RECETTE_SEMAINE" VALUES(97,6686.42);
INSERT INTO "FAIT_RECETTE_SEMAINE" VALUES(98,7321.01);
INSERT INTO "FAIT_RECETTE_SEMAINE" VALUES(99,6350.95);
INSERT INTO "FAIT_RECETTE_SEMAINE" VALUES(100,6967.15);
INSERT INTO "FAIT_RECETTE_SEMAINE" VALUES(101,6.16762999999999905753e+03);
INSERT INTO "FAIT_RECETTE_SEMAINE" VALUES(102,7548.82);
INSERT INTO "FAIT_RECETTE_SEMAINE" VALUES(103,5959.85);
INSERT INTO "FAIT_RECETTE_SEMAINE" VALUES(104,0.0);
INSERT INTO "FAIT_RECETTE_SEMAINE" VALUES(105,0.0);
INSERT INTO "FAIT_RECETTE_SEMAINE" VALUES(106,'5 451,28');
INSERT INTO "FAIT_RECETTE_SEMAINE" VALUES(107,'7 453,08');
INSERT INTO "FAIT_RECETTE_SEMAINE" VALUES(108,'8 373,08');
INSERT INTO "FAIT_RECETTE_SEMAINE" VALUES(109,'6 008,69');
INSERT INTO "FAIT_RECETTE_SEMAINE" VALUES(110,'7 844,51');
INSERT INTO "FAIT_RECETTE_SEMAINE" VALUES(111,'6 414,48');
INSERT INTO "FAIT_RECETTE_SEMAINE" VALUES(112,'8 383,20');
INSERT INTO "FAIT_RECETTE_SEMAINE" VALUES(113,126.0);
INSERT INTO "FAIT_RECETTE_SEMAINE" VALUES(114,'6 741,56');
INSERT INTO "FAIT_RECETTE_SEMAINE" VALUES(115,'1 092,64');
INSERT INTO "FAIT_RECETTE_SEMAINE" VALUES(116,'5 987,91');
INSERT INTO "FAIT_RECETTE_SEMAINE" VALUES(117,480.0);
INSERT INTO "FAIT_RECETTE_SEMAINE" VALUES(118,'8 301,50');
INSERT INTO "FAIT_RECETTE_SEMAINE" VALUES(119,'6 847,68');
INSERT INTO "FAIT_RECETTE_SEMAINE" VALUES(120,'8 150,25');
INSERT INTO "FAIT_RECETTE_SEMAINE" VALUES(121,'5 926,37');
INSERT INTO "FAIT_RECETTE_SEMAINE" VALUES(122,6449.0);
INSERT INTO "FAIT_RECETTE_SEMAINE" VALUES(123,'4 793,52');
INSERT INTO "FAIT_RECETTE_SEMAINE" VALUES(124,'7 488,89');
INSERT INTO "FAIT_RECETTE_SEMAINE" VALUES(125,'6 663,45');
INSERT INTO "FAIT_RECETTE_SEMAINE" VALUES(126,'4 676,19');
INSERT INTO "FAIT_RECETTE_SEMAINE" VALUES(127,'-');
INSERT INTO "FAIT_RECETTE_SEMAINE" VALUES(128,'7 140,21');
INSERT INTO "FAIT_RECETTE_SEMAINE" VALUES(129,'6 893,49');
INSERT INTO "FAIT_RECETTE_SEMAINE" VALUES(130,'3 302,20');
INSERT INTO "FAIT_RECETTE_SEMAINE" VALUES(131,'6 468,55€');
INSERT INTO "FAIT_RECETTE_SEMAINE" VALUES(132,'7 217,54€');
INSERT INTO "FAIT_RECETTE_SEMAINE" VALUES(133,'6 186,80€');
INSERT INTO "FAIT_RECETTE_SEMAINE" VALUES(134,'6 659,62€');
INSERT INTO "FAIT_RECETTE_SEMAINE" VALUES(135,5879.0);
INSERT INTO "FAIT_RECETTE_SEMAINE" VALUES(136,0.0);
INSERT INTO "FAIT_RECETTE_SEMAINE" VALUES(137,0.0);
INSERT INTO "FAIT_RECETTE_SEMAINE" VALUES(138,0.0);
INSERT INTO "FAIT_RECETTE_SEMAINE" VALUES(139,'6 806,58€');
INSERT INTO "FAIT_RECETTE_SEMAINE" VALUES(140,'8 193,07€');
INSERT INTO "FAIT_RECETTE_SEMAINE" VALUES(141,'6 803,31€');
INSERT INTO "FAIT_RECETTE_SEMAINE" VALUES(142,'6 697,42€');
INSERT INTO "FAIT_RECETTE_SEMAINE" VALUES(143,'6 142,13€');
INSERT INTO "FAIT_RECETTE_SEMAINE" VALUES(144,6920.0);
INSERT INTO "FAIT_RECETTE_SEMAINE" VALUES(145,'6 702,24');
INSERT INTO "FAIT_RECETTE_SEMAINE" VALUES(146,'7 146,84');
INSERT INTO "FAIT_RECETTE_SEMAINE" VALUES(147,'6 128,11');
INSERT INTO "FAIT_RECETTE_SEMAINE" VALUES(148,'6 284,47');
INSERT INTO "FAIT_RECETTE_SEMAINE" VALUES(149,'6 239,74€');
INSERT INTO "FAIT_RECETTE_SEMAINE" VALUES(150,'5 748,99€');
INSERT INTO "FAIT_RECETTE_SEMAINE" VALUES(151,'6 881,03€');
INSERT INTO "FAIT_RECETTE_SEMAINE" VALUES(152,'4 378,06€');
INSERT INTO "FAIT_RECETTE_SEMAINE" VALUES(153,'-');
INSERT INTO "FAIT_RECETTE_SEMAINE" VALUES(154,'7 619,02');
INSERT INTO "FAIT_RECETTE_SEMAINE" VALUES(155,'6 475,28');
INSERT INTO "FAIT_RECETTE_SEMAINE" VALUES(156,'2 784,62');
INSERT INTO "FAIT_RECETTE_SEMAINE" VALUES(157,3125.56);
INSERT INTO "FAIT_RECETTE_SEMAINE" VALUES(158,8416.36);
INSERT INTO "FAIT_RECETTE_SEMAINE" VALUES(159,3.40409999999999923758e+03);
INSERT INTO "FAIT_RECETTE_SEMAINE" VALUES(160,7.19149999999999867128e+03);
INSERT INTO "FAIT_RECETTE_SEMAINE" VALUES(161,6227.68);
INSERT INTO "FAIT_RECETTE_SEMAINE" VALUES(162,7847.73);
INSERT INTO "FAIT_RECETTE_SEMAINE" VALUES(163,6266.93);
INSERT INTO "FAIT_RECETTE_SEMAINE" VALUES(164,7.22921000000000102403e+03);
INSERT INTO "FAIT_RECETTE_SEMAINE" VALUES(165,7323.62);
INSERT INTO "FAIT_RECETTE_SEMAINE" VALUES(166,7811.84);
INSERT INTO "FAIT_RECETTE_SEMAINE" VALUES(167,5889.23);
INSERT INTO "FAIT_RECETTE_SEMAINE" VALUES(168,1.08065999999999995395e+03);
INSERT INTO "FAIT_RECETTE_SEMAINE" VALUES(169,480.0);
INSERT INTO "FAIT_RECETTE_SEMAINE" VALUES(170,0.0);
INSERT INTO "FAIT_RECETTE_SEMAINE" VALUES(171,1000.0);
INSERT INTO "FAIT_RECETTE_SEMAINE" VALUES(172,2101.54);
INSERT INTO "FAIT_RECETTE_SEMAINE" VALUES(173,2493.96);
INSERT INTO "FAIT_RECETTE_SEMAINE" VALUES(174,2.94955999999999960436e+03);
INSERT INTO "FAIT_RECETTE_SEMAINE" VALUES(175,3424.21);
INSERT INTO "FAIT_RECETTE_SEMAINE" VALUES(176,6945.17);
INSERT INTO "FAIT_RECETTE_SEMAINE" VALUES(177,5357.51);
INSERT INTO "FAIT_RECETTE_SEMAINE" VALUES(178,7.94003000000000103142e+03);
INSERT INTO "FAIT_RECETTE_SEMAINE" VALUES(179,5202.54);
INSERT INTO "FAIT_RECETTE_SEMAINE" VALUES(180,6.82782000000000088846e+03);
INSERT INTO "FAIT_RECETTE_SEMAINE" VALUES(181,6535.2);
INSERT INTO "FAIT_RECETTE_SEMAINE" VALUES(182,7313.83);
INSERT INTO "FAIT_RECETTE_SEMAINE" VALUES(183,5955.0);
INSERT INTO "FAIT_RECETTE_SEMAINE" VALUES(184,7095.45);
INSERT INTO "FAIT_RECETTE_SEMAINE" VALUES(185,3.86052999999999979507e+03);
INSERT INTO "FAIT_RECETTE_SEMAINE" VALUES(186,6716.86);
INSERT INTO "FAIT_RECETTE_SEMAINE" VALUES(187,7.08704999999999962767e+03);
INSERT INTO "FAIT_RECETTE_SEMAINE" VALUES(188,6054.14);
INSERT INTO "FAIT_RECETTE_SEMAINE" VALUES(189,0.0);
INSERT INTO "FAIT_RECETTE_SEMAINE" VALUES(190,0.0);
INSERT INTO "FAIT_RECETTE_SEMAINE" VALUES(191,6.4327899999999988978e+03);
INSERT INTO "FAIT_RECETTE_SEMAINE" VALUES(192,5849.0);
INSERT INTO "FAIT_RECETTE_SEMAINE" VALUES(193,5142.89);
INSERT INTO "FAIT_RECETTE_SEMAINE" VALUES(194,4558.01);
INSERT INTO "FAIT_RECETTE_SEMAINE" VALUES(195,5.74951999999999863177e+03);
INSERT INTO "FAIT_RECETTE_SEMAINE" VALUES(196,6132.0);
INSERT INTO "FAIT_RECETTE_SEMAINE" VALUES(197,5042.1);
INSERT INTO "FAIT_RECETTE_SEMAINE" VALUES(198,5.77194000000000073669e+03);
INSERT INTO "FAIT_RECETTE_SEMAINE" VALUES(199,2.99439999999999972857e+03);
INSERT INTO "FAIT_RECETTE_SEMAINE" VALUES(200,6.44178999999999923886e+03);
INSERT INTO "FAIT_RECETTE_SEMAINE" VALUES(201,3.4446099999999995056e+03);
INSERT INTO "FAIT_RECETTE_SEMAINE" VALUES(202,6.05055999999999905014e+03);
INSERT INTO "FAIT_RECETTE_SEMAINE" VALUES(203,5681.25);
INSERT INTO "FAIT_RECETTE_SEMAINE" VALUES(204,6.30763999999999924739e+03);
INSERT INTO "FAIT_RECETTE_SEMAINE" VALUES(205,4465.15);
INSERT INTO "FAIT_RECETTE_SEMAINE" VALUES(206,5.35721999999999898278e+03);
INSERT INTO "FAIT_RECETTE_SEMAINE" VALUES(207,5244.05);
INSERT INTO "FAIT_RECETTE_SEMAINE" VALUES(208,1.65732000000000017081e+03);
INSERT INTO "FAIT_RECETTE_SEMAINE" VALUES(209,0.0);
INSERT INTO "FAIT_RECETTE_SEMAINE" VALUES(210,7.08215000000000038937e+03);
INSERT INTO "FAIT_RECETTE_SEMAINE" VALUES(211,6.16125999999999951484e+03);
INSERT INTO "FAIT_RECETTE_SEMAINE" VALUES(212,5553.56);
INSERT INTO "FAIT_RECETTE_SEMAINE" VALUES(213,6147.65);
INSERT INTO "FAIT_RECETTE_SEMAINE" VALUES(214,6707.67);
INSERT INTO "FAIT_RECETTE_SEMAINE" VALUES(215,7313.85);
INSERT INTO "FAIT_RECETTE_SEMAINE" VALUES(216,6737.38);
INSERT INTO "FAIT_RECETTE_SEMAINE" VALUES(217,5405.68);
INSERT INTO "FAIT_RECETTE_SEMAINE" VALUES(218,5979.81);
INSERT INTO "FAIT_RECETTE_SEMAINE" VALUES(219,5.71811000000000024812e+03);
INSERT INTO "FAIT_RECETTE_SEMAINE" VALUES(220,5887.01);
INSERT INTO "FAIT_RECETTE_SEMAINE" VALUES(221,5379.32);
INSERT INTO "FAIT_RECETTE_SEMAINE" VALUES(222,4939.0);
INSERT INTO "FAIT_RECETTE_SEMAINE" VALUES(223,4.36412999999999939859e+03);
INSERT INTO "FAIT_RECETTE_SEMAINE" VALUES(224,8.22134999999999926956e+03);
INSERT INTO "FAIT_RECETTE_SEMAINE" VALUES(225,7442.15);
INSERT INTO "FAIT_RECETTE_SEMAINE" VALUES(226,6.35413999999999923318e+03);
INSERT INTO "FAIT_RECETTE_SEMAINE" VALUES(227,5472.08);
INSERT INTO "FAIT_RECETTE_SEMAINE" VALUES(228,3.93550999999999984169e+03);
INSERT INTO "FAIT_RECETTE_SEMAINE" VALUES(229,6.16340000000000021174e+03);
INSERT INTO "FAIT_RECETTE_SEMAINE" VALUES(230,5521.04);
INSERT INTO "FAIT_RECETTE_SEMAINE" VALUES(231,5114.0);
INSERT INTO "FAIT_RECETTE_SEMAINE" VALUES(232,7.1802999999999990166e+03);
INSERT INTO "FAIT_RECETTE_SEMAINE" VALUES(233,5934.23);
INSERT INTO "FAIT_RECETTE_SEMAINE" VALUES(234,5.7543899999999990058e+03);
INSERT INTO "FAIT_RECETTE_SEMAINE" VALUES(235,6971.0);
INSERT INTO "FAIT_RECETTE_SEMAINE" VALUES(236,6.35107000000000088135e+03);
INSERT INTO "FAIT_RECETTE_SEMAINE" VALUES(237,4881.87);
INSERT INTO "FAIT_RECETTE_SEMAINE" VALUES(238,5286.08);
INSERT INTO "FAIT_RECETTE_SEMAINE" VALUES(239,2911.89);
INSERT INTO "FAIT_RECETTE_SEMAINE" VALUES(240,6380.05);
INSERT INTO "FAIT_RECETTE_SEMAINE" VALUES(241,0.0);
INSERT INTO "FAIT_RECETTE_SEMAINE" VALUES(242,0.0);
INSERT INTO "FAIT_RECETTE_SEMAINE" VALUES(243,7026.64);
INSERT INTO "FAIT_RECETTE_SEMAINE" VALUES(244,6643.0);
INSERT INTO "FAIT_RECETTE_SEMAINE" VALUES(245,3253.1);
INSERT INTO "FAIT_RECETTE_SEMAINE" VALUES(246,6830.26);
INSERT INTO "FAIT_RECETTE_SEMAINE" VALUES(247,5261.84);
INSERT INTO "FAIT_RECETTE_SEMAINE" VALUES(248,6135.0);
INSERT INTO "FAIT_RECETTE_SEMAINE" VALUES(249,5871.8);
INSERT INTO "FAIT_RECETTE_SEMAINE" VALUES(250,6.66983999999999888075e+03);
INSERT INTO "FAIT_RECETTE_SEMAINE" VALUES(251,5110.02);
INSERT INTO "FAIT_RECETTE_SEMAINE" VALUES(252,6.12142999999999837257e+03);
INSERT INTO "FAIT_RECETTE_SEMAINE" VALUES(253,5628.19);
INSERT INTO "FAIT_RECETTE_SEMAINE" VALUES(254,3.06272000000000010899e+03);
INSERT INTO "FAIT_RECETTE_SEMAINE" VALUES(255,5.61644000000000076511e+03);
INSERT INTO "FAIT_RECETTE_SEMAINE" VALUES(256,5836.38);
INSERT INTO "FAIT_RECETTE_SEMAINE" VALUES(257,5536.0);
INSERT INTO "FAIT_RECETTE_SEMAINE" VALUES(258,5.31394000000000055194e+03);
INSERT INTO "FAIT_RECETTE_SEMAINE" VALUES(259,5.210690000000000488e+03);
INSERT INTO "FAIT_RECETTE_SEMAINE" VALUES(260,0.0);
INSERT INTO "FAIT_RECETTE_SEMAINE" VALUES(261,0.0);
INSERT INTO "FAIT_RECETTE_SEMAINE" VALUES(262,3.24647999999999958831e+03);
INSERT INTO "FAIT_RECETTE_SEMAINE" VALUES(263,4587.33);
INSERT INTO "FAIT_RECETTE_SEMAINE" VALUES(264,6825.0);
INSERT INTO "FAIT_RECETTE_SEMAINE" VALUES(265,6171.0);
INSERT INTO "FAIT_RECETTE_SEMAINE" VALUES(266,5049.61);
INSERT INTO "FAIT_RECETTE_SEMAINE" VALUES(267,5884.76);
INSERT INTO "FAIT_RECETTE_SEMAINE" VALUES(268,6404.22);
INSERT INTO "FAIT_RECETTE_SEMAINE" VALUES(269,5.2229400000000003601e+03);
INSERT INTO "FAIT_RECETTE_SEMAINE" VALUES(270,6413.0);
INSERT INTO "FAIT_RECETTE_SEMAINE" VALUES(271,3464.44);
INSERT INTO "FAIT_RECETTE_SEMAINE" VALUES(272,4727.05);
INSERT INTO "FAIT_RECETTE_SEMAINE" VALUES(273,5469.43);
INSERT INTO "FAIT_RECETTE_SEMAINE" VALUES(274,3963.0);
INSERT INTO "FAIT_RECETTE_SEMAINE" VALUES(275,5175.51);
INSERT INTO "FAIT_RECETTE_SEMAINE" VALUES(276,7305.41);
INSERT INTO "FAIT_RECETTE_SEMAINE" VALUES(277,5463.77);
INSERT INTO "FAIT_RECETTE_SEMAINE" VALUES(278,6.72662999999999922096e+03);
INSERT INTO "FAIT_RECETTE_SEMAINE" VALUES(279,4.17911000000000054654e+03);
INSERT INTO "FAIT_RECETTE_SEMAINE" VALUES(280,6542.07);
INSERT INTO "FAIT_RECETTE_SEMAINE" VALUES(281,5001.18);
INSERT INTO "FAIT_RECETTE_SEMAINE" VALUES(282,3197.33);
INSERT INTO "FAIT_RECETTE_SEMAINE" VALUES(283,0.0);
INSERT INTO "FAIT_RECETTE_SEMAINE" VALUES(284,3100.0);
INSERT INTO "FAIT_RECETTE_SEMAINE" VALUES(285,5119.69);
INSERT INTO "FAIT_RECETTE_SEMAINE" VALUES(286,5900.76);
INSERT INTO "FAIT_RECETTE_SEMAINE" VALUES(287,99.0);
INSERT INTO "FAIT_RECETTE_SEMAINE" VALUES(288,6.22121999999999975017e+03);
INSERT INTO "FAIT_RECETTE_SEMAINE" VALUES(289,3.56054999999999965965e+03);
INSERT INTO "FAIT_RECETTE_SEMAINE" VALUES(290,5.2535300000000004772e+03);
INSERT INTO "FAIT_RECETTE_SEMAINE" VALUES(291,4.437059999999999782e+03);
INSERT INTO "FAIT_RECETTE_SEMAINE" VALUES(292,5.89820999999999884266e+03);
INSERT INTO "FAIT_RECETTE_SEMAINE" VALUES(293,0.0);
INSERT INTO "FAIT_RECETTE_SEMAINE" VALUES(294,0.0);
INSERT INTO "FAIT_RECETTE_SEMAINE" VALUES(295,0.0);
INSERT INTO "FAIT_RECETTE_SEMAINE" VALUES(296,5216.0);
INSERT INTO "FAIT_RECETTE_SEMAINE" VALUES(297,5167.2);
INSERT INTO "FAIT_RECETTE_SEMAINE" VALUES(298,6.32001999999999952706e+03);
INSERT INTO "FAIT_RECETTE_SEMAINE" VALUES(299,5810.77);
INSERT INTO "FAIT_RECETTE_SEMAINE" VALUES(300,6.88177999999999912006e+03);
INSERT INTO "FAIT_RECETTE_SEMAINE" VALUES(301,5.56062999999999885147e+03);
INSERT INTO "FAIT_RECETTE_SEMAINE" VALUES(302,6.12140000000000039648e+03);
INSERT INTO "FAIT_RECETTE_SEMAINE" VALUES(303,5263.42);
INSERT INTO "FAIT_RECETTE_SEMAINE" VALUES(304,6.87006999999999923289e+03);
INSERT INTO "FAIT_RECETTE_SEMAINE" VALUES(305,3128.71);
INSERT INTO "FAIT_RECETTE_SEMAINE" VALUES(306,4779.61);
INSERT INTO "FAIT_RECETTE_SEMAINE" VALUES(307,5460.08);
INSERT INTO "FAIT_RECETTE_SEMAINE" VALUES(308,5498.07);
INSERT INTO "FAIT_RECETTE_SEMAINE" VALUES(309,4785.0);
INSERT INTO "FAIT_RECETTE_SEMAINE" VALUES(310,5.78866999999999887194e+03);
INSERT INTO "FAIT_RECETTE_SEMAINE" VALUES(311,4856.79);
INSERT INTO "FAIT_RECETTE_SEMAINE" VALUES(312,3.73756999999999983685e+03);
INSERT INTO "FAIT_RECETTE_SEMAINE" VALUES(313,0.0);
INSERT INTO "FAIT_RECETTE_SEMAINE" VALUES(314,1243.51);
INSERT INTO "FAIT_RECETTE_SEMAINE" VALUES(315,5.00804999999999900239e+03);
INSERT INTO "FAIT_RECETTE_SEMAINE" VALUES(316,6.44771999999999945174e+03);
INSERT INTO "FAIT_RECETTE_SEMAINE" VALUES(317,5796.51);
INSERT INTO "FAIT_RECETTE_SEMAINE" VALUES(318,6106.0);
INSERT INTO "FAIT_RECETTE_SEMAINE" VALUES(319,6415.84);
INSERT INTO "FAIT_RECETTE_SEMAINE" VALUES(320,6.92468999999999912375e+03);
INSERT INTO "FAIT_RECETTE_SEMAINE" VALUES(321,4256.38);
INSERT INTO "FAIT_RECETTE_SEMAINE" VALUES(322,5888.0);
INSERT INTO "FAIT_RECETTE_SEMAINE" VALUES(323,5173.43);
INSERT INTO "FAIT_RECETTE_SEMAINE" VALUES(324,6293.35);
INSERT INTO "FAIT_RECETTE_SEMAINE" VALUES(325,6343.82);
INSERT INTO "FAIT_RECETTE_SEMAINE" VALUES(326,5771.3);
INSERT INTO "FAIT_RECETTE_SEMAINE" VALUES(327,5.87396999999999902541e+03);
INSERT INTO "FAIT_RECETTE_SEMAINE" VALUES(328,5659.58);
INSERT INTO "FAIT_RECETTE_SEMAINE" VALUES(329,5.35451999999999994628e+03);
INSERT INTO "FAIT_RECETTE_SEMAINE" VALUES(330,4379.77);
INSERT INTO "FAIT_RECETTE_SEMAINE" VALUES(331,0.0);
INSERT INTO "FAIT_RECETTE_SEMAINE" VALUES(332,5.50069000000000052352e+03);
INSERT INTO "FAIT_RECETTE_SEMAINE" VALUES(333,3007.47);
INSERT INTO "FAIT_RECETTE_SEMAINE" VALUES(334,5579.34);
INSERT INTO "FAIT_RECETTE_SEMAINE" VALUES(335,3770.0);
INSERT INTO "FAIT_RECETTE_SEMAINE" VALUES(336,1864.23);
INSERT INTO "FAIT_RECETTE_SEMAINE" VALUES(337,6.54779999999999962057e+03);
INSERT INTO "FAIT_RECETTE_SEMAINE" VALUES(338,6.5525899999999994705e+03);
INSERT INTO "FAIT_RECETTE_SEMAINE" VALUES(339,4620.74);
INSERT INTO "FAIT_RECETTE_SEMAINE" VALUES(340,6.13754999999999917292e+03);
INSERT INTO "FAIT_RECETTE_SEMAINE" VALUES(341,4485.41);
INSERT INTO "FAIT_RECETTE_SEMAINE" VALUES(342,6942.5);
INSERT INTO "FAIT_RECETTE_SEMAINE" VALUES(343,5591.46);
INSERT INTO "FAIT_RECETTE_SEMAINE" VALUES(344,3.94722999999999935027e+03);
INSERT INTO "FAIT_RECETTE_SEMAINE" VALUES(345,0.0);
INSERT INTO "FAIT_RECETTE_SEMAINE" VALUES(346,0.0);
INSERT INTO "FAIT_RECETTE_SEMAINE" VALUES(347,0.0);
INSERT INTO "FAIT_RECETTE_SEMAINE" VALUES(348,7099.0);
INSERT INTO "FAIT_RECETTE_SEMAINE" VALUES(349,4362.28);
INSERT INTO "FAIT_RECETTE_SEMAINE" VALUES(350,6340.23);
INSERT INTO "FAIT_RECETTE_SEMAINE" VALUES(351,5436.48);
INSERT INTO "FAIT_RECETTE_SEMAINE" VALUES(352,5777.32);
INSERT INTO "FAIT_RECETTE_SEMAINE" VALUES(353,5923.29);
INSERT INTO "FAIT_RECETTE_SEMAINE" VALUES(354,5.33754999999999935056e+03);
INSERT INTO "FAIT_RECETTE_SEMAINE" VALUES(355,4.86111000000000093024e+03);
INSERT INTO "FAIT_RECETTE_SEMAINE" VALUES(356,0.0);
INSERT INTO "FAIT_RECETTE_SEMAINE" VALUES(357,0.0);
INSERT INTO "FAIT_RECETTE_SEMAINE" VALUES(358,0.0);
INSERT INTO "FAIT_RECETTE_SEMAINE" VALUES(359,4752.14);
INSERT INTO "FAIT_RECETTE_SEMAINE" VALUES(360,5.52613999999999983003e+03);
INSERT INTO "FAIT_RECETTE_SEMAINE" VALUES(361,5414.0);
INSERT INTO "FAIT_RECETTE_SEMAINE" VALUES(362,3.91581999999999972317e+03);
INSERT INTO "FAIT_RECETTE_SEMAINE" VALUES(363,4.63788999999999962398e+03);
INSERT INTO "FAIT_RECETTE_SEMAINE" VALUES(364,2.74980999999999964344e+03);
INSERT INTO "FAIT_RECETTE_SEMAINE" VALUES(365,0.0);
COMMIT;
